--
-- PostgreSQL database dump
--


-- Dumped from database version 17.6
-- Dumped by pg_dump version 18.3

SET statement_timeout = 0;
SET lock_timeout = 0;
SET idle_in_transaction_session_timeout = 0;
SET transaction_timeout = 0;
SET client_encoding = 'UTF8';
SET standard_conforming_strings = on;
SELECT pg_catalog.set_config('search_path', '', false);
SET check_function_bodies = false;
SET xmloption = content;
SET client_min_messages = warning;
SET row_security = off;

--
-- Data for Name: companies; Type: TABLE DATA; Schema: public; Owner: -
--

COPY public.companies (id, name, logo_url, website, industry, size, description, created_at, updated_at, name_jp, tagline, location, founded_year, mission, culture, "values", benefits, status) FROM stdin;
bc26132e-0523-4379-a82b-0303c88c62d5	NexaTech	\N	https://nexatech.co.jp	Technology	501-1000	NexaTech is a leading technology company headquartered in Tokyo, building AI-powered recruitment and enterprise software solutions for the Asian market.	2026-03-12 04:06:27.357335+00	2026-03-12 04:06:27.357335+00	ネクサテック株式会社	Connecting talent with opportunity across Asia	Tokyo, Japan	2018	To empower every student and professional with technology that opens doors to meaningful careers.	We foster a culture of curiosity, collaboration, and continuous learning. Our teams work with autonomy and purpose.	{Innovation,Integrity,Inclusivity,Impact}	{"Flexible remote work","Annual learning budget ¥200,000","Full health insurance","Stock options","Relocation support"}	approved
b41d71d7-0741-48b4-94f0-bc3c82a1700a	TechVision Japan	\N	https://techvision.jp	Technology	51-200	TechVision builds enterprise SaaS tools for the Japanese market.	2026-03-12 17:50:15.239456+00	2026-03-12 17:58:57.785076+00	テックビジョン株式会社	Enterprise software for the next decade	Osaka, Japan	\N	\N	\N	\N	\N	approved
f10bb412-36b1-4c1a-aa45-d4b8128e4604	test company	\N	\N	Tes	12	\N	2026-03-15 05:15:53.409588+00	2026-03-15 05:15:53.409631+00	\N	\N	tokyo	\N	\N	\N	\N	\N	approved
162c5194-5fb4-4925-8697-97a5f63e81c1	Green Robotics	\N	https://greenrobotics.jp	Robotics	11-50	Developing eco-friendly robotic systems for agriculture and logistics.	2026-03-12 17:50:15.315237+00	2026-03-16 12:01:00.507149+00	グリーンロボティクス	Automating the sustainable future	Kyoto, Japan	\N	\N	\N	\N	\N	approved
6d89524f-862c-48a4-a9a1-32d52ddccbf6	Acem Crop	\N	acceme.com	Technology	1-10	test	2026-03-16 17:40:10.533533+00	2026-03-16 17:40:10.533553+00	\N	\N	Tokyo	\N	\N	\N	\N	\N	approved
feabca1d-a76d-4d62-b958-718963a313c2	Fujikyu Highland	\N	\N	Media	501-1000	Entertainment, Hotels and Resorts	2026-03-23 02:48:09.939917+00	2026-03-23 02:48:09.939934+00	\N	\N	\N	\N	\N	\N	\N	\N	approved
c90efce0-f8b2-4fff-93c1-5f289dc906f5	Panasonic Corporation	\N	\N	Manufacturing	1000+	Manufacturing and Consumer electronics	2026-03-23 02:50:21.785986+00	2026-03-23 02:50:21.786002+00	\N	\N	Osaka	\N	\N	\N	\N	\N	approved
712467ed-7514-43d6-8ac1-0cdc32c64fa5	Intern2Job	\N	\N	Technology	11-50	\N	2026-04-10 07:59:14.507227+00	2026-04-10 07:59:14.507265+00	\N	\N	Tokyo	\N	\N	\N	\N	\N	approved
41ffc0ae-a8cd-47c9-a53b-a351eeb84fd4	intern2job	\N	\N	\N	\N	\N	2026-04-12 17:09:48.89357+00	2026-04-12 17:09:48.89357+00	\N	\N	\N	\N	\N	\N	\N	\N	approved
\.


--
-- Data for Name: universities; Type: TABLE DATA; Schema: public; Owner: -
--

COPY public.universities (id, name, domain, logo_url, created_at, updated_at, status, contact_email, country, location) FROM stdin;
cccccccc-0001-0000-0000-000000000001	University of Tokyo	u-tokyo.ac.jp	\N	2026-03-12 03:58:45.704915+00	2026-03-12 03:58:45.704915+00	approved	\N	\N	\N
885c2d70-3e22-465d-a0f6-f0c3975c2323	Kyoto Institute of Technology	kit.ac.jp	\N	2026-03-12 17:50:15.38363+00	2026-03-12 17:50:15.38363+00	pending	international@kit.ac.jp	Japan	\N
4bcb0f28-f115-4fc2-a483-30dcfc3b23c8	Osaka University	osaka-u.ac.jp	\N	2026-03-12 17:50:15.469785+00	2026-03-12 17:50:15.469785+00	pending	global@osaka-u.ac.jp	Japan	\N
13421883-eac1-4ff6-a2dc-1f94d1814afb	Seoul National University	snu.ac.kr	\N	2026-03-12 17:50:15.541426+00	2026-03-12 17:50:15.541426+00	pending	intl@snu.ac.kr	South Korea	\N
eeaa330e-fbca-4f78-a0db-dcbccfed8f50	tes	tstes.gg@ts.com	\N	2026-03-15 05:31:29.447385+00	2026-03-15 05:31:29.447452+00	approved	\N	\N	ysy
29b5df9e-8b48-4036-a617-4e98b5ec9ba1	Test PEC	pec.in	\N	2026-03-16 17:24:32.866685+00	2026-03-16 17:24:32.866721+00	approved	\N	\N	Puducherry
3135e453-2573-45d0-9a74-745548d3e3fe	Anna University	anna.edu	\N	2026-03-19 17:50:10.388481+00	2026-03-19 17:50:10.388481+00	approved	\N	India	\N
6754317c-dec6-40e3-9522-2a43d001a8b7	Chennai Institute of Technology	\N	\N	2026-03-22 14:30:29.873519+00	2026-03-22 14:30:29.87355+00	approved	\N	\N	Chennai, Tamil Nadu
\.


--
-- Data for Name: profiles; Type: TABLE DATA; Schema: public; Owner: -
--

COPY public.profiles (id, role, full_name, avatar_url, university_id, created_at, updated_at, status) FROM stdin;
8dc799e4-0354-4a46-9610-77e35f443447	student	Test	\N	\N	2026-03-10 15:30:01.642926+00	2026-03-10 15:30:01.830485+00	active
5a3fc530-f4bc-4637-8226-17db297defec	student	mm	\N	\N	2026-03-10 15:32:03.85432+00	2026-03-10 15:32:04.082768+00	active
5e9edb49-ff13-4bff-b462-3553740f6c1b	company_admin	CompanyAdmin	\N	\N	2026-03-11 16:21:08.895395+00	2026-03-11 17:40:16.85461+00	active
f7b67848-4d49-437a-a00a-4008b2c6d3af	student	Madhan	\N	6754317c-dec6-40e3-9522-2a43d001a8b7	2026-03-23 04:18:50.718132+00	2026-03-23 04:18:50.814572+00	active
8020be4a-296c-44c1-8b19-41fdb65bcd4e	student	Muttharasan	\N	6754317c-dec6-40e3-9522-2a43d001a8b7	2026-04-07 17:16:05.700414+00	2026-04-07 17:16:05.752869+00	active
add1128e-2b1f-4458-8f0f-6fd53ede35fc	company_admin	Admin Inter2Job	\N	\N	2026-04-10 07:59:14.671995+00	2026-04-12 17:09:56.42599+00	active
5e83c01b-0a5f-4474-b341-3ab8d882b1ae	student	Madhan K	\N	6754317c-dec6-40e3-9522-2a43d001a8b7	2026-04-12 17:19:50.683681+00	2026-04-12 17:19:50.744147+00	active
3e3220f3-fc34-4877-ac61-655f253f69ec	student	Vigneshwaran V	\N	6754317c-dec6-40e3-9522-2a43d001a8b7	2026-04-12 17:21:51.571146+00	2026-04-12 17:21:51.636917+00	active
92255f03-6353-4fd9-b5e7-44113516884e	recruiter	Aiko Yamada	\N	\N	2026-03-15 06:24:00.66326+00	2026-03-16 12:09:02.154796+00	active
6f22fd69-e290-49ca-b84e-669f4eb7242c	university_admin	Muttharasan	\N	29b5df9e-8b48-4036-a617-4e98b5ec9ba1	2026-03-16 17:24:32.829075+00	2026-03-16 17:24:32.966368+00	active
cfd863fd-15e5-4716-bbb7-e942d9660848	recruiter	Arasu@412	\N	\N	2026-03-16 17:40:10.70735+00	2026-03-16 17:40:10.70735+00	active
dc8a6720-5283-4e02-a2fc-4ebbff3b2ae4	recruiter	Yuki Tanaka	\N	\N	2026-03-12 04:06:27.172847+00	2026-03-17 06:56:44.0776+00	active
ff7e3fd1-3071-40c8-9fdc-a467302becfa	student	Haruto Sato	\N	cccccccc-0001-0000-0000-000000000001	2026-03-12 04:06:27.631696+00	2026-03-17 06:56:44.472561+00	active
2fcf2cfa-e4e2-41d9-a813-4c9150b73e6e	student	Yuna Kim	\N	cccccccc-0001-0000-0000-000000000001	2026-03-12 04:06:27.903482+00	2026-03-17 06:56:44.644017+00	active
3b5ff52c-0d43-42ed-b3e6-e40ccdfd2455	student	Kenji Watanabe	\N	cccccccc-0001-0000-0000-000000000001	2026-03-12 04:06:28.158896+00	2026-03-17 06:56:44.820906+00	active
77f79196-aabc-494c-9ea4-c1bcc645753e	student	Aoi Nakamura	\N	cccccccc-0001-0000-0000-000000000001	2026-03-12 04:06:28.414145+00	2026-03-17 06:56:44.980951+00	active
ace48744-72ab-4cc3-a79b-8a5e5841ccfc	student	Ren Fujita	\N	cccccccc-0001-0000-0000-000000000001	2026-03-12 04:06:28.700685+00	2026-03-17 06:56:45.141361+00	active
8eff39b7-8c85-4e72-bf16-c091023021a8	super_admin	Platform Admin	\N	\N	2026-03-12 17:50:15.108682+00	2026-03-17 06:56:46.005125+00	active
1b549477-1f82-44d7-82fa-b6e7f499ca8a	student	Arjun Kumar	\N	3135e453-2573-45d0-9a74-745548d3e3fe	2026-03-19 15:14:55.468641+00	2026-03-20 02:36:21.971811+00	active
db714999-d96d-4a03-92c2-6b514934a9a6	student	Santhiya	\N	29b5df9e-8b48-4036-a617-4e98b5ec9ba1	2026-03-21 17:15:50.16519+00	2026-03-21 17:15:50.19572+00	active
e5a222db-028c-462b-a21a-3c7d37c828f2	university_admin	cit-admin@interntojob.com	\N	6754317c-dec6-40e3-9522-2a43d001a8b7	2026-03-22 14:30:29.699325+00	2026-03-22 14:30:30.722607+00	active
cbd83813-f92c-494f-9835-954892ceb98e	student	Teststudent	\N	29b5df9e-8b48-4036-a617-4e98b5ec9ba1	2026-03-22 20:03:32.066774+00	2026-03-22 20:03:32.077001+00	active
2ce9ce39-da9c-485c-8163-3b27ca9b37fe	recruiter	Shigeru Tanaka	\N	\N	2026-03-23 02:48:10.439461+00	2026-03-23 02:48:10.439461+00	active
ecaf1ffd-5eef-4a0b-a491-1b595f7e5854	recruiter	Shimane Tokunaga	\N	\N	2026-03-23 02:50:22.2857+00	2026-03-23 02:50:22.2857+00	active
326056b0-34e8-480a-b2bd-975416726dc6	student	Vignesh	\N	6754317c-dec6-40e3-9522-2a43d001a8b7	2026-03-23 04:16:24.213342+00	2026-03-23 04:16:24.774383+00	active
9fb9ea07-a717-4a8c-b3de-fbfa739ea1bb	student	Mithun	\N	6754317c-dec6-40e3-9522-2a43d001a8b7	2026-03-23 04:17:57.337889+00	2026-03-23 04:17:57.445514+00	active
\.


--
-- Data for Name: recruiters; Type: TABLE DATA; Schema: public; Owner: -
--

COPY public.recruiters (id, company_id, title, created_at, updated_at, department, phone, notification_preferences, ai_matching_weights) FROM stdin;
dc8a6720-5283-4e02-a2fc-4ebbff3b2ae4	bc26132e-0523-4379-a82b-0303c88c62d5	Head of Talent Acquisition	2026-03-12 04:06:27.462245+00	2026-03-12 04:06:27.462245+00	\N	\N	{"messages": true, "match_alerts": true, "platform_updates": false, "evaluation_reminders": true}	{"growth": 15, "skills": 40, "language": 20, "research": 25}
add1128e-2b1f-4458-8f0f-6fd53ede35fc	41ffc0ae-a8cd-47c9-a53b-a351eeb84fd4	\N	2026-04-12 17:10:32.87173+00	2026-04-12 17:10:32.87173+00	\N	\N	{"messages": true, "match_alerts": true, "platform_updates": false, "evaluation_reminders": true}	{"growth": 15, "skills": 40, "language": 20, "research": 25}
\.


--
-- Data for Name: jobs; Type: TABLE DATA; Schema: public; Owner: -
--

COPY public.jobs (id, company_id, recruiter_id, title, description, requirements, location, is_remote, salary_min, salary_max, status, deadline, created_at, updated_at, department, responsibilities, qualifications, skills, job_benefits, employment_type, experience_level, openings, required_language, ai_matching_enabled, target_universities, priority, closed_at, lifecycle_stage, approval_status, approval_note, approved_by, approved_at, submitted_for_approval_at) FROM stdin;
0ea07a6d-9a5b-4f28-9f20-fdd2a8ba253c	bc26132e-0523-4379-a82b-0303c88c62d5	dc8a6720-5283-4e02-a2fc-4ebbff3b2ae4	AI Software Engineer	Build and scale machine learning pipelines for our recruitment matching engine.	\N	Tokyo, Japan	f	8000000	12000000	published	2026-04-26	2026-03-12 04:07:16.433103+00	2026-03-12 04:07:16.433103+00	Engineering	\N	\N	{Python,"Machine Learning",TensorFlow,SQL,Docker}	{Remote-friendly,"Stock options","Learning budget"}	full-time	mid	3	\N	t	\N	high	\N	draft	not_submitted	\N	\N	\N	\N
25e528d9-d5a6-42fc-8e14-f2f9fdead197	bc26132e-0523-4379-a82b-0303c88c62d5	dc8a6720-5283-4e02-a2fc-4ebbff3b2ae4	Senior Frontend Engineer	Lead our frontend platform team building the next-generation recruiter dashboard.	\N	Tokyo, Japan (Hybrid)	f	10000000	15000000	published	2026-04-11	2026-03-12 04:07:16.473745+00	2026-03-12 04:07:16.473745+00	Engineering	\N	\N	{React,TypeScript,Next.js,GraphQL,CSS}	{"Hybrid work","Annual bonus","Health insurance"}	full-time	senior	2	\N	t	\N	high	\N	draft	not_submitted	\N	\N	\N	\N
d49abb7d-30fe-4efb-999f-12f3e8ab92b6	bc26132e-0523-4379-a82b-0303c88c62d5	dc8a6720-5283-4e02-a2fc-4ebbff3b2ae4	Product Manager — Internship Platform	Define and drive the roadmap for our student internship discovery product.	\N	Remote	f	9000000	13000000	draft	2026-05-11	2026-03-12 04:07:16.511224+00	2026-03-12 04:07:16.511224+00	Product	\N	\N	{"Product Strategy",Agile,SQL,Figma,"User Research"}	{"Full remote","Company retreats",ESOP}	full-time	mid	1	\N	f	\N	medium	\N	draft	not_submitted	\N	\N	\N	\N
851427d7-3895-4f28-b2c7-b70185b67482	bc26132e-0523-4379-a82b-0303c88c62d5	dc8a6720-5283-4e02-a2fc-4ebbff3b2ae4	TEst	We are seeking a talented TEst to join our 3f team. \n\nstts\n\nAbout the Role:\nsf\n\nest\n\nThis is a hybrid position based in Tokyo, Japan, offering excellent growth opportunities and a collaborative work environment.	\N	Tokyo, Japan	f	5000000	24234234	draft	\N	2026-03-12 04:24:46.445164+00	2026-03-12 04:24:46.445164+00	\N	\N	\N	{React}	{}	\N	\N	1	\N	t	\N	medium	\N	draft	not_submitted	\N	\N	\N	\N
eca5393d-fc8d-4cde-ac3f-c3847a196eda	bc26132e-0523-4379-a82b-0303c88c62d5	dc8a6720-5283-4e02-a2fc-4ebbff3b2ae4	AI Software Engineer	Build and scale machine learning pipelines for our recruitment matching engine.	\N	Tokyo, Japan	f	8000000	12000000	published	2026-04-27	2026-03-12 17:50:14.357924+00	2026-03-12 17:50:14.357924+00	Engineering	\N	\N	{Python,"Machine Learning",TensorFlow,SQL,Docker}	{Remote-friendly,"Stock options","Learning budget"}	full-time	mid	3	\N	t	\N	high	\N	draft	not_submitted	\N	\N	\N	\N
aef6b1d1-e9bb-42d4-83e2-201cf3d03d30	bc26132e-0523-4379-a82b-0303c88c62d5	dc8a6720-5283-4e02-a2fc-4ebbff3b2ae4	Senior Frontend Engineer	Lead our frontend platform team building the next-generation recruiter dashboard.	\N	Tokyo, Japan (Hybrid)	f	10000000	15000000	published	2026-04-12	2026-03-12 17:50:14.403543+00	2026-03-12 17:50:14.403543+00	Engineering	\N	\N	{React,TypeScript,Next.js,GraphQL,CSS}	{"Hybrid work","Annual bonus","Health insurance"}	full-time	senior	2	\N	t	\N	high	\N	draft	not_submitted	\N	\N	\N	\N
6fe9046e-cf95-4414-a93b-02aaed300603	bc26132e-0523-4379-a82b-0303c88c62d5	dc8a6720-5283-4e02-a2fc-4ebbff3b2ae4	Product Manager — Internship Platform	Define and drive the roadmap for our student internship discovery product.	\N	Remote	f	9000000	13000000	draft	2026-05-12	2026-03-12 17:50:14.44536+00	2026-03-12 17:50:14.44536+00	Product	\N	\N	{"Product Strategy",Agile,SQL,Figma,"User Research"}	{"Full remote","Company retreats",ESOP}	full-time	mid	1	\N	f	\N	medium	\N	draft	not_submitted	\N	\N	\N	\N
ecb811ae-1196-476f-ab1e-3bcc23c19331	bc26132e-0523-4379-a82b-0303c88c62d5	dc8a6720-5283-4e02-a2fc-4ebbff3b2ae4	AI Software Engineer	Build and scale machine learning pipelines for our recruitment matching engine.	\N	Tokyo, Japan	f	8000000	12000000	published	2026-04-30	2026-03-16 08:44:32.342833+00	2026-03-16 08:44:32.342833+00	Engineering	\N	\N	{Python,"Machine Learning",TensorFlow,SQL,Docker}	{Remote-friendly,"Stock options","Learning budget"}	full-time	mid	3	\N	t	\N	high	\N	draft	not_submitted	\N	\N	\N	\N
c288f92c-0268-4854-a007-2ee19ef810ac	bc26132e-0523-4379-a82b-0303c88c62d5	dc8a6720-5283-4e02-a2fc-4ebbff3b2ae4	Senior Frontend Engineer	Lead our frontend platform team building the next-generation recruiter dashboard.	\N	Tokyo, Japan (Hybrid)	f	10000000	15000000	published	2026-04-15	2026-03-16 08:44:32.407307+00	2026-03-16 08:44:32.407307+00	Engineering	\N	\N	{React,TypeScript,Next.js,GraphQL,CSS}	{"Hybrid work","Annual bonus","Health insurance"}	full-time	senior	2	\N	t	\N	high	\N	draft	not_submitted	\N	\N	\N	\N
42530f80-a607-4918-a323-cf8da3563e58	bc26132e-0523-4379-a82b-0303c88c62d5	dc8a6720-5283-4e02-a2fc-4ebbff3b2ae4	Product Manager — Internship Platform	Define and drive the roadmap for our student internship discovery product.	\N	Remote	f	9000000	13000000	draft	2026-05-15	2026-03-16 08:44:32.445821+00	2026-03-16 08:44:32.445821+00	Product	\N	\N	{"Product Strategy",Agile,SQL,Figma,"User Research"}	{"Full remote","Company retreats",ESOP}	full-time	mid	1	\N	f	\N	medium	\N	draft	not_submitted	\N	\N	\N	\N
ba2eab3d-81c7-4570-bc4f-ffcc76bc61f0	bc26132e-0523-4379-a82b-0303c88c62d5	dc8a6720-5283-4e02-a2fc-4ebbff3b2ae4	AI Software Engineer	Build and scale machine learning pipelines for our recruitment matching engine.	\N	Tokyo, Japan	f	8000000	12000000	published	2026-05-01	2026-03-17 06:56:45.227892+00	2026-03-17 06:56:45.227892+00	Engineering	\N	\N	{Python,"Machine Learning",TensorFlow,SQL,Docker}	{Remote-friendly,"Stock options","Learning budget"}	full-time	mid	3	\N	t	\N	high	\N	draft	not_submitted	\N	\N	\N	\N
d13505a6-3b06-40db-bf26-6729cacc050c	bc26132e-0523-4379-a82b-0303c88c62d5	dc8a6720-5283-4e02-a2fc-4ebbff3b2ae4	Senior Frontend Engineer	Lead our frontend platform team building the next-generation recruiter dashboard.	\N	Tokyo, Japan (Hybrid)	f	10000000	15000000	published	2026-04-16	2026-03-17 06:56:45.272431+00	2026-03-17 06:56:45.272431+00	Engineering	\N	\N	{React,TypeScript,Next.js,GraphQL,CSS}	{"Hybrid work","Annual bonus","Health insurance"}	full-time	senior	2	\N	t	\N	high	\N	draft	not_submitted	\N	\N	\N	\N
cd8025d3-b5b9-46bc-ad9f-47cfd42e6043	bc26132e-0523-4379-a82b-0303c88c62d5	dc8a6720-5283-4e02-a2fc-4ebbff3b2ae4	Product Manager — Internship Platform	Define and drive the roadmap for our student internship discovery product.	\N	Remote	f	9000000	13000000	draft	2026-05-16	2026-03-17 06:56:45.3161+00	2026-03-17 06:56:45.3161+00	Product	\N	\N	{"Product Strategy",Agile,SQL,Figma,"User Research"}	{"Full remote","Company retreats",ESOP}	full-time	mid	1	\N	f	\N	medium	\N	draft	not_submitted	\N	\N	\N	\N
ab0df157-9ddf-43bb-a7cd-fe12d4f39004	bc26132e-0523-4379-a82b-0303c88c62d5	dc8a6720-5283-4e02-a2fc-4ebbff3b2ae4	Senior Frontend Engineer React	We are seeking a talented Senior Frontend Engineer React to join our 2 team. \n\nSenior Frontend Engineer\n\nAbout the Role:\n\n\nSenior Frontend Engineer\n\nThis is a hybrid position based in Tokyo, Japan, offering excellent growth opportunities and a collaborative work environment.	\N	Tokyo, Japan	f	6000000	\N	draft	2026-03-27	2026-03-17 09:22:30.590483+00	2026-03-17 09:22:30.590483+00	\N	\N	\N	{Reactjs}	{"Health insurance"}	\N	\N	1	\N	t	\N	medium	\N	draft	not_submitted	\N	\N	\N	\N
8a3829ff-4f8f-4be9-9561-b71a5d36ae91	bc26132e-0523-4379-a82b-0303c88c62d5	dc8a6720-5283-4e02-a2fc-4ebbff3b2ae4	AI Software Engineer Intern	Build ML-powered features for our internship matching platform.	\N	Chennai, India (Remote)	f	\N	\N	published	2026-04-19	2026-03-19 17:50:10.758941+00	2026-03-19 17:50:10.758941+00	Engineering	\N	\N	{Python,"Machine Learning",SQL,FastAPI,React}	\N	internship	entry	2	\N	t	\N	high	\N	draft	not_submitted	\N	\N	\N	\N
96792351-3c5f-45b6-b995-59275823ba61	bc26132e-0523-4379-a82b-0303c88c62d5	dc8a6720-5283-4e02-a2fc-4ebbff3b2ae4	Design Engineer Manufacturing	We are seeking a talented Design Engineer Manufacturing to join our 8 team. \n\nBuild and create design of machine elements\n\nAbout the Role:\nDesign\n\n\n\nThis is a hybrid position based in Tokyo, Japan, offering excellent growth opportunities and a collaborative work environment.	\N	Tokyo, Japan	f	4500000	\N	published	\N	2026-03-21 16:47:16.492735+00	2026-03-21 18:10:42.52593+00	\N	\N	\N	{CAD,CATIA}	{"Health insurance"}	\N	\N	1	\N	t	\N	medium	\N	offer_stage	approved		8eff39b7-8c85-4e72-bf16-c091023021a8	2026-03-21 17:08:47.397522+00	2026-03-21 17:07:48.810531+00
13e43b2a-6fc5-4a2c-bf08-22278dd7c3e9	bc26132e-0523-4379-a82b-0303c88c62d5	dc8a6720-5283-4e02-a2fc-4ebbff3b2ae4	AI Engineering OS developer	We are seeking a talented AI Engineering OS developer to join our 10 team. \n\nBuild the platform to host agents\n\nAbout the Role:\nDesign and implement \n\nAI OS development\n\nThis is a on-site position based in Tokyo, Japan, offering excellent growth opportunities and a collaborative work environment.	\N	Tokyo, Japan	f	\N	\N	published	\N	2026-03-21 21:49:57.227169+00	2026-03-22 00:17:09.587305+00	\N	\N	\N	{Rust,Python}	{}	\N	\N	1	\N	t	\N	medium	\N	results_pending	approved		8eff39b7-8c85-4e72-bf16-c091023021a8	2026-03-21 23:59:22.223705+00	2026-03-21 21:49:59.114712+00
b818a578-d002-4aa6-a62c-7604a6cd2d42	bc26132e-0523-4379-a82b-0303c88c62d5	dc8a6720-5283-4e02-a2fc-4ebbff3b2ae4	Python Engineer	We are seeking a talented Python Engineer to join our 50 team. \n\nResearch and Development, Build systems for ticket management along with our team members. Team work is very important\n\nAbout the Role:\nTesting\n\nSystem integrator . Listed in stock market Japan\n\nThis is a hybrid position based in Tokyo, Japan, offering excellent growth opportunities and a collaborative work environment.	\N	Tokyo, Japan	f	\N	\N	published	\N	2026-03-22 12:45:46.41131+00	2026-03-22 12:46:44.2303+00	\N	\N	\N	{"Knowledge in Python"}	{}	\N	\N	1	\N	t	\N	medium	\N	university_assigned	approved		8eff39b7-8c85-4e72-bf16-c091023021a8	2026-03-22 12:46:44.117328+00	2026-03-22 12:45:48.251907+00
ccdcf368-5b27-44f0-a464-3567a4db8086	bc26132e-0523-4379-a82b-0303c88c62d5	dc8a6720-5283-4e02-a2fc-4ebbff3b2ae4	Java Developer	We are seeking a talented Java Developer to join our 10 team. \n\nMaintain the system\n\nAbout the Role:\nPerfomance and Code review\n\nSystem Integrator\n\nThis is a hybrid position based in Tokyo, Japan, offering excellent growth opportunities and a collaborative work environment.	\N	Tokyo, Japan	f	\N	\N	published	\N	2026-03-22 14:03:42.800354+00	2026-03-22 14:04:11.658094+00	\N	\N	\N	{Java}	{}	\N	\N	1	\N	t	\N	medium	\N	university_assigned	approved		8eff39b7-8c85-4e72-bf16-c091023021a8	2026-03-22 14:04:11.555855+00	2026-03-22 14:03:44.594727+00
bbf486c7-d358-4523-b445-0d4329790920	bc26132e-0523-4379-a82b-0303c88c62d5	dc8a6720-5283-4e02-a2fc-4ebbff3b2ae4	AI Engineer	We are seeking a talented AI Engineer to join our 2 team. \n\nAI Engineer. Handle LLM model\n\nAbout the Role:\nDesign and Implementation\n\nAI Research\n\nThis is a hybrid position based in Tokyo, Japan, offering excellent growth opportunities and a collaborative work environment.	\N	Tokyo, Japan	f	5000000	\N	published	2026-03-24	2026-03-22 06:06:45.647003+00	2026-03-22 19:30:02.549787+00	\N	\N	\N	{LLM,"AI/ ML",Node,"Rest API"}	{"Remote ",Overtime}	\N	\N	1	\N	t	\N	medium	\N	offer_stage	approved		8eff39b7-8c85-4e72-bf16-c091023021a8	2026-03-22 06:07:40.40352+00	2026-03-22 06:06:45.852802+00
5de2c036-1fcc-42a1-8b1d-45e594553d66	bc26132e-0523-4379-a82b-0303c88c62d5	dc8a6720-5283-4e02-a2fc-4ebbff3b2ae4	AI Engineer AI/ML	We are seeking a talented AI Engineer AI/ML to join our 2 team. \n\nAI/ML \nLinear reg\nGen AI \nLLM\n\nAbout the Role:\nDevelop with AI\n\nAI/ML company\n\nThis is a hybrid position based in Tokyo, Japan, offering excellent growth opportunities and a collaborative work environment.	\N	Tokyo, Japan	f	6000000	\N	published	\N	2026-03-22 19:33:36.779296+00	2026-03-26 06:12:05.399046+00	\N	\N	\N	{LLM}	{}	\N	\N	1	\N	t	\N	medium	\N	awaiting_slot_acceptance	approved		8eff39b7-8c85-4e72-bf16-c091023021a8	2026-03-22 19:34:08.520493+00	2026-03-22 19:33:37.012264+00
ab061ad1-2c12-4584-be83-bf54d4f9a619	bc26132e-0523-4379-a82b-0303c88c62d5	dc8a6720-5283-4e02-a2fc-4ebbff3b2ae4	Test Enginner - AI/LLM/ML	We are seeking a talented Test Enginner - AI/LLM/ML to join our 3 team. \n\nNeed to test the AI appication\n\nAbout the Role:\nDesign validation and automattion test scripts\n\n\n\nThis is a on-site position based in Tokyo, Japan, offering excellent growth opportunities and a collaborative work environment.	\N	Tokyo, Japan	f	6000000	\N	published	2026-03-31	2026-03-26 08:37:58.592438+00	2026-03-26 09:19:20.906943+00	\N	\N	\N	{"React "}	{}	\N	\N	1	\N	t	\N	medium	\N	offer_stage	approved		8eff39b7-8c85-4e72-bf16-c091023021a8	2026-03-26 08:38:31.892679+00	2026-03-26 08:38:09.230973+00
a3c95577-810c-47b3-b851-81d4ae18d9d8	41ffc0ae-a8cd-47c9-a53b-a351eeb84fd4	add1128e-2b1f-4458-8f0f-6fd53ede35fc	AI Developer	We are seeking a talented AI Developer to join our 3 team. \n\n1.⁠ ⁠Hiring Criteria and Language Skills\n•⁠  ⁠Required Skills: Candidates must be proficient in C++ and Python for their area of\nspecialization.\n•⁠  ⁠Motivation over Specific Background: While knowledge of image-related AI is a plus,\nwe are not strictly focused on specific academic majors or departments. We place a\nhigh value on a candidate's motivation, particularly their passion for programming\nand their willingness to take on the challenge of working in Japan.\n•⁠  ⁠English Proficiency is Key: Since AI development requires reading English-language\nresearch papers, English skills are considered more important than Japanese\nproficiency.\n2.⁠ ⁠Supplementary Information on AI Development Specializations\n•⁠  ⁠Image-Related Experience: While not a strict requirement, experience in image\nprocessing is desirable. However, we are also concerned that excessive specialization\ncould lead a new team member to dominate the team and lose the collaborative\nspirit needed to work with other team members on research.\n\nAbout the Role:\n⁠English Proficiency is Key: Since AI development requires reading English-language\nresearch papers, English skills are considered more important than Japanese\nproficiency.\n\n\n\n\nThis is a hybrid position based in Tokyo, Japan, offering excellent growth opportunities and a collaborative work environment.	\N	Tokyo, Japan	f	600000	\N	published	2026-04-15	2026-04-12 17:16:57.272409+00	2026-04-12 17:23:10.144508+00	\N	\N	\N	{Python,C++}	{}	\N	\N	3	\N	t	\N	medium	\N	university_assigned	approved		8eff39b7-8c85-4e72-bf16-c091023021a8	2026-04-12 17:23:10.069499+00	2026-04-12 17:16:57.50025+00
\.


--
-- Data for Name: students; Type: TABLE DATA; Schema: public; Owner: -
--

COPY public.students (id, university_id, department, graduation_year, gpa, resume_url, skills, verification_status, created_at, updated_at, bio, jp_level, linkedin, github, portfolio, phone, location, strengths, awards, profile_completeness, research_title, experiences, badges) FROM stdin;
ff7e3fd1-3071-40c8-9fdc-a467302becfa	cccccccc-0001-0000-0000-000000000001	Computer Science	2025	3.85	\N	{Python,"Machine Learning",SQL,React,TypeScript}	verified	2026-03-12 04:06:27.762001+00	2026-03-12 04:06:27.762001+00	\N	\N	\N	\N	\N	\N	\N	{}	{}	0	\N	[]	\N
2fcf2cfa-e4e2-41d9-a813-4c9150b73e6e	cccccccc-0001-0000-0000-000000000001	Data Science	2025	3.92	\N	{Python,TensorFlow,R,Statistics,"Data Visualization"}	verified	2026-03-12 04:06:28.038695+00	2026-03-12 04:06:28.038695+00	\N	\N	\N	\N	\N	\N	\N	{}	{}	0	\N	[]	\N
3b5ff52c-0d43-42ed-b3e6-e40ccdfd2455	cccccccc-0001-0000-0000-000000000001	Software Engineering	2024	3.70	\N	{Go,Kubernetes,Docker,PostgreSQL,AWS}	verified	2026-03-12 04:06:28.295544+00	2026-03-12 04:06:28.295544+00	\N	\N	\N	\N	\N	\N	\N	{}	{}	0	\N	[]	\N
77f79196-aabc-494c-9ea4-c1bcc645753e	cccccccc-0001-0000-0000-000000000001	Information Systems	2025	3.55	\N	{JavaScript,Node.js,React,MongoDB,GraphQL}	verified	2026-03-12 04:06:28.580957+00	2026-03-12 04:06:28.580957+00	\N	\N	\N	\N	\N	\N	\N	{}	{}	0	\N	[]	\N
ace48744-72ab-4cc3-a79b-8a5e5841ccfc	cccccccc-0001-0000-0000-000000000001	Computer Science	2026	3.78	\N	{Rust,C++,"Embedded Systems",Linux,FPGA}	verified	2026-03-12 04:06:28.84192+00	2026-03-12 04:06:28.84192+00	\N	\N	\N	\N	\N	\N	\N	{}	{}	0	\N	[]	\N
1b549477-1f82-44d7-82fa-b6e7f499ca8a	29b5df9e-8b48-4036-a617-4e98b5ec9ba1	Mech	2026	8.90	\N	{Reacht,Anugular,Python}	unverified	2026-03-19 15:14:55.539806+00	2026-03-20 02:36:22.171331+00	I am interset inplaying cricket	N2					chennai	{}	{}	0.8	\N	[]	\N
db714999-d96d-4a03-92c2-6b514934a9a6	29b5df9e-8b48-4036-a617-4e98b5ec9ba1	Mech	2026	9.00	\N	\N	unverified	2026-03-21 17:15:50.212829+00	2026-03-21 17:15:50.212857+00	\N	\N	\N	\N	\N	\N	\N	{}	{}	0	\N	[]	\N
cbd83813-f92c-494f-9835-954892ceb98e	29b5df9e-8b48-4036-a617-4e98b5ec9ba1	Mech	2027	9.00	\N	\N	unverified	2026-03-22 20:03:32.105846+00	2026-03-22 20:03:32.105897+00	\N	\N	\N	\N	\N	\N	\N	{}	{}	0	\N	[]	\N
326056b0-34e8-480a-b2bd-975416726dc6	6754317c-dec6-40e3-9522-2a43d001a8b7	EEE	2026	9.00	\N	\N	unverified	2026-03-23 04:16:24.937558+00	2026-03-23 04:16:24.937574+00	\N	\N	\N	\N	\N	\N	\N	{}	{}	0	\N	[]	\N
9fb9ea07-a717-4a8c-b3de-fbfa739ea1bb	6754317c-dec6-40e3-9522-2a43d001a8b7	CSE	2026	7.80	\N	\N	unverified	2026-03-23 04:17:57.599431+00	2026-03-23 04:17:57.599447+00	\N	\N	\N	\N	\N	\N	\N	{}	{}	0	\N	[]	\N
f7b67848-4d49-437a-a00a-4008b2c6d3af	6754317c-dec6-40e3-9522-2a43d001a8b7	CSE AI	2026	9.00	\N	\N	unverified	2026-03-23 04:18:50.972974+00	2026-03-23 04:18:50.97299+00	\N	\N	\N	\N	\N	\N	\N	{}	{}	0	\N	[]	\N
8020be4a-296c-44c1-8b19-41fdb65bcd4e	6754317c-dec6-40e3-9522-2a43d001a8b7	Mech	2026	9.00	\N	\N	verified	2026-04-07 17:16:05.758274+00	2026-04-07 17:20:47.946266+00	\N	\N	\N	\N	\N	\N	\N	{}	{}	0	\N	[]	\N
5e83c01b-0a5f-4474-b341-3ab8d882b1ae	6754317c-dec6-40e3-9522-2a43d001a8b7	Computer Science and Engineering	2026	7.80	\N	\N	verified	2026-04-12 17:19:50.723756+00	2026-04-12 17:19:50.72378+00	\N	\N	\N	\N	\N	\N	\N	{}	{}	0	\N	[]	\N
3e3220f3-fc34-4877-ac61-655f253f69ec	6754317c-dec6-40e3-9522-2a43d001a8b7	Computer Science and Business Systems	2031	8.14	\N	\N	verified	2026-04-12 17:21:51.622537+00	2026-04-12 17:21:51.622564+00	\N	\N	\N	\N	\N	\N	\N	{}	{}	0	\N	[]	\N
\.


--
-- Data for Name: applications; Type: TABLE DATA; Schema: public; Owner: -
--

COPY public.applications (id, job_id, student_id, status, ai_score, cover_letter, created_at, updated_at, note, shortlisted_at) FROM stdin;
66ea385d-4341-4919-8c70-f48c1c1527c6	0ea07a6d-9a5b-4f28-9f20-fdd2a8ba253c	ff7e3fd1-3071-40c8-9fdc-a467302becfa	shortlisted	88.50	Passionate about AI for hiring challenges.	2026-03-12 04:07:16.548583+00	2026-03-12 04:07:16.548583+00	\N	2026-03-09 00:00:00+00
67dc3a90-aae2-4430-bbea-00bcb7f7535d	0ea07a6d-9a5b-4f28-9f20-fdd2a8ba253c	2fcf2cfa-e4e2-41d9-a813-4c9150b73e6e	shortlisted	92.30	Research on graph neural networks for recommendation systems.	2026-03-12 04:07:16.586796+00	2026-03-12 04:07:16.586796+00	\N	2026-03-10 00:00:00+00
b14c4ff7-f4b8-41a3-8563-c20842b76264	0ea07a6d-9a5b-4f28-9f20-fdd2a8ba253c	3b5ff52c-0d43-42ed-b3e6-e40ccdfd2455	pending	74.20	Building ML pipelines on Kubernetes.	2026-03-12 04:07:16.628178+00	2026-03-12 04:07:16.628178+00	\N	\N
83a0b154-8018-4530-950e-c20099bebb97	0ea07a6d-9a5b-4f28-9f20-fdd2a8ba253c	77f79196-aabc-494c-9ea4-c1bcc645753e	pending	65.10	Full-stack applications with ML components.	2026-03-12 04:07:16.675801+00	2026-03-12 04:07:16.675801+00	\N	\N
42aac5ad-987b-4676-965d-ca3660a9ea2b	0ea07a6d-9a5b-4f28-9f20-fdd2a8ba253c	ace48744-72ab-4cc3-a79b-8a5e5841ccfc	offered	81.00	Systems programming perspective on ML inference.	2026-03-12 04:07:16.710106+00	2026-03-12 04:07:16.710106+00	\N	2026-03-07 00:00:00+00
e90ef1ad-7837-4d9f-a1b2-7a533ea1cff2	25e528d9-d5a6-42fc-8e14-f2f9fdead197	77f79196-aabc-494c-9ea4-c1bcc645753e	pending	78.90	3 years of production React experience.	2026-03-12 04:07:16.74733+00	2026-03-12 04:07:16.74733+00	\N	\N
1416c781-8835-46c8-963e-793ca4fa5806	25e528d9-d5a6-42fc-8e14-f2f9fdead197	ff7e3fd1-3071-40c8-9fdc-a467302becfa	shortlisted	82.40	React/TypeScript from university course management platform.	2026-03-12 04:07:16.784171+00	2026-03-12 04:07:16.784171+00	\N	2026-03-11 00:00:00+00
27a90553-b988-4537-ba5a-92ab58a64fc0	eca5393d-fc8d-4cde-ac3f-c3847a196eda	ff7e3fd1-3071-40c8-9fdc-a467302becfa	shortlisted	88.50	Passionate about AI for hiring challenges.	2026-03-12 17:50:14.487464+00	2026-03-12 17:50:14.487464+00	\N	2026-03-09 00:00:00+00
20458d9c-6d1e-4e16-aa23-02ecb5288abf	eca5393d-fc8d-4cde-ac3f-c3847a196eda	2fcf2cfa-e4e2-41d9-a813-4c9150b73e6e	shortlisted	92.30	Research on graph neural networks for recommendation systems.	2026-03-12 17:50:14.527531+00	2026-03-12 17:50:14.527531+00	\N	2026-03-10 00:00:00+00
08cf492f-4373-42a5-9b62-58cc45fa06d3	eca5393d-fc8d-4cde-ac3f-c3847a196eda	3b5ff52c-0d43-42ed-b3e6-e40ccdfd2455	pending	74.20	Building ML pipelines on Kubernetes.	2026-03-12 17:50:14.570674+00	2026-03-12 17:50:14.570674+00	\N	\N
8740f752-432b-42d3-8768-3ea2989106a8	eca5393d-fc8d-4cde-ac3f-c3847a196eda	77f79196-aabc-494c-9ea4-c1bcc645753e	pending	65.10	Full-stack applications with ML components.	2026-03-12 17:50:14.607604+00	2026-03-12 17:50:14.607604+00	\N	\N
1f06c35b-dca8-46a9-a8b6-e4b5878c06c3	eca5393d-fc8d-4cde-ac3f-c3847a196eda	ace48744-72ab-4cc3-a79b-8a5e5841ccfc	offered	81.00	Systems programming perspective on ML inference.	2026-03-12 17:50:14.647383+00	2026-03-12 17:50:14.647383+00	\N	2026-03-07 00:00:00+00
e11fca6c-33d8-4130-89d0-fbdc683ce471	aef6b1d1-e9bb-42d4-83e2-201cf3d03d30	77f79196-aabc-494c-9ea4-c1bcc645753e	pending	78.90	3 years of production React experience.	2026-03-12 17:50:14.686173+00	2026-03-12 17:50:14.686173+00	\N	\N
1ad9a8de-f748-40bc-82eb-a1631175547e	aef6b1d1-e9bb-42d4-83e2-201cf3d03d30	ff7e3fd1-3071-40c8-9fdc-a467302becfa	shortlisted	82.40	React/TypeScript from university course management platform.	2026-03-12 17:50:14.721127+00	2026-03-12 17:50:14.721127+00	\N	2026-03-11 00:00:00+00
f17ae67d-6f6d-4bf5-ae85-cb281a4c65d1	ecb811ae-1196-476f-ab1e-3bcc23c19331	ff7e3fd1-3071-40c8-9fdc-a467302becfa	shortlisted	88.50	Passionate about AI for hiring challenges.	2026-03-16 08:44:32.488336+00	2026-03-16 08:44:32.488336+00	\N	2026-03-09 00:00:00+00
70a99389-c8b4-4eba-af69-b6e28260672f	ecb811ae-1196-476f-ab1e-3bcc23c19331	2fcf2cfa-e4e2-41d9-a813-4c9150b73e6e	shortlisted	92.30	Research on graph neural networks for recommendation systems.	2026-03-16 08:44:32.531012+00	2026-03-16 08:44:32.531012+00	\N	2026-03-10 00:00:00+00
be058558-e3d4-4b4d-a6a5-6635ca9c95c0	ecb811ae-1196-476f-ab1e-3bcc23c19331	3b5ff52c-0d43-42ed-b3e6-e40ccdfd2455	pending	74.20	Building ML pipelines on Kubernetes.	2026-03-16 08:44:32.567796+00	2026-03-16 08:44:32.567796+00	\N	\N
7c1692b9-8e21-4cbc-995e-d68e1497caf4	ecb811ae-1196-476f-ab1e-3bcc23c19331	77f79196-aabc-494c-9ea4-c1bcc645753e	pending	65.10	Full-stack applications with ML components.	2026-03-16 08:44:32.608039+00	2026-03-16 08:44:32.608039+00	\N	\N
28cb1f0d-a655-4afb-a77b-115a66e15ff7	ecb811ae-1196-476f-ab1e-3bcc23c19331	ace48744-72ab-4cc3-a79b-8a5e5841ccfc	offered	81.00	Systems programming perspective on ML inference.	2026-03-16 08:44:32.648786+00	2026-03-16 08:44:32.648786+00	\N	2026-03-07 00:00:00+00
e9d1df09-550d-42d5-8256-074b6c0961a3	c288f92c-0268-4854-a007-2ee19ef810ac	77f79196-aabc-494c-9ea4-c1bcc645753e	pending	78.90	3 years of production React experience.	2026-03-16 08:44:32.689857+00	2026-03-16 08:44:32.689857+00	\N	\N
ccbc2169-7d6e-43af-a8a8-e26fc4610d93	c288f92c-0268-4854-a007-2ee19ef810ac	ff7e3fd1-3071-40c8-9fdc-a467302becfa	shortlisted	82.40	React/TypeScript from university course management platform.	2026-03-16 08:44:32.750723+00	2026-03-16 08:44:32.750723+00	\N	2026-03-11 00:00:00+00
bc334221-5113-45b1-947f-cdba2c6c35cc	ba2eab3d-81c7-4570-bc4f-ffcc76bc61f0	ff7e3fd1-3071-40c8-9fdc-a467302becfa	shortlisted	88.50	Passionate about AI for hiring challenges.	2026-03-17 06:56:45.355041+00	2026-03-17 06:56:45.355041+00	\N	2026-03-09 00:00:00+00
41fc24dc-a7b6-4aa9-b4b6-e0a416be0f24	ba2eab3d-81c7-4570-bc4f-ffcc76bc61f0	2fcf2cfa-e4e2-41d9-a813-4c9150b73e6e	shortlisted	92.30	Research on graph neural networks for recommendation systems.	2026-03-17 06:56:45.396016+00	2026-03-17 06:56:45.396016+00	\N	2026-03-10 00:00:00+00
3b069355-3272-4686-8897-b2f12fac9f3b	ba2eab3d-81c7-4570-bc4f-ffcc76bc61f0	3b5ff52c-0d43-42ed-b3e6-e40ccdfd2455	pending	74.20	Building ML pipelines on Kubernetes.	2026-03-17 06:56:45.430897+00	2026-03-17 06:56:45.430897+00	\N	\N
3b1c18ca-d149-4f4c-bff0-078303c89c8e	ba2eab3d-81c7-4570-bc4f-ffcc76bc61f0	77f79196-aabc-494c-9ea4-c1bcc645753e	pending	65.10	Full-stack applications with ML components.	2026-03-17 06:56:45.469726+00	2026-03-17 06:56:45.469726+00	\N	\N
5054e3ae-73a9-4117-a151-d6a8af791cf0	ba2eab3d-81c7-4570-bc4f-ffcc76bc61f0	ace48744-72ab-4cc3-a79b-8a5e5841ccfc	offered	81.00	Systems programming perspective on ML inference.	2026-03-17 06:56:45.510224+00	2026-03-17 06:56:45.510224+00	\N	2026-03-07 00:00:00+00
1cb2f7c7-9810-4d91-8c8b-3500021c1882	d13505a6-3b06-40db-bf26-6729cacc050c	77f79196-aabc-494c-9ea4-c1bcc645753e	pending	78.90	3 years of production React experience.	2026-03-17 06:56:45.549287+00	2026-03-17 06:56:45.549287+00	\N	\N
09a0214f-81c5-415c-9496-fa3a681306dc	d13505a6-3b06-40db-bf26-6729cacc050c	ff7e3fd1-3071-40c8-9fdc-a467302becfa	shortlisted	82.40	React/TypeScript from university course management platform.	2026-03-17 06:56:45.585597+00	2026-03-17 06:56:45.585597+00	\N	2026-03-11 00:00:00+00
aab13346-5a97-451a-a6d0-1fe6ea1d2917	8a3829ff-4f8f-4be9-9561-b71a5d36ae91	1b549477-1f82-44d7-82fa-b6e7f499ca8a	offered	91.50	I am deeply interested in applying my ML and full-stack skills at NexaTech. My experience building AI-powered features for student platforms aligns well with your mission.	2026-03-19 17:50:10.836296+00	2026-03-19 17:50:10.836296+00	\N	2025-07-10 00:00:00+00
4ff03a77-9cc7-4478-bc98-8d20419438ad	8a3829ff-4f8f-4be9-9561-b71a5d36ae91	ff7e3fd1-3071-40c8-9fdc-a467302becfa	pending	\N	\N	2026-03-19 18:40:48.777238+00	2026-03-21 04:36:32.265149+00	\N	2026-03-19 18:40:48.758861+00
7d9da60a-a157-4c5a-b65c-d27224d036bc	bbf486c7-d358-4523-b445-0d4329790920	1b549477-1f82-44d7-82fa-b6e7f499ca8a	accepted	\N		2026-03-22 06:08:27.207526+00	2026-04-07 17:18:53.335424+00	Applied on behalf by university admin (6f22fd69-e290-49ca-b84e-669f4eb7242c)	2026-03-22 14:06:41.205327+00
ccb6407a-f651-4839-b69e-1956c90d661e	96792351-3c5f-45b6-b995-59275823ba61	1b549477-1f82-44d7-82fa-b6e7f499ca8a	accepted	\N		2026-03-21 17:23:36.150008+00	2026-03-21 18:11:59.413021+00	\N	2026-03-21 17:40:10.926873+00
4ab7bc7e-da83-4a44-b81f-1426cf85f922	13e43b2a-6fc5-4a2c-bf08-22278dd7c3e9	1b549477-1f82-44d7-82fa-b6e7f499ca8a	offered	\N		2026-03-22 00:00:58.937085+00	2026-03-22 00:18:16.172117+00	Applied on behalf by university admin (6f22fd69-e290-49ca-b84e-669f4eb7242c)	2026-03-22 00:04:08.793538+00
bcf0c0ec-5727-410d-a82f-e20184ed5dfa	5de2c036-1fcc-42a1-8b1d-45e594553d66	1b549477-1f82-44d7-82fa-b6e7f499ca8a	shortlisted	\N		2026-03-22 19:36:03.17782+00	2026-03-22 19:46:07.031911+00	Applied on behalf by university admin (6f22fd69-e290-49ca-b84e-669f4eb7242c)	2026-03-22 19:46:06.958895+00
80b710b7-4faa-419e-b021-39226a15a734	ab061ad1-2c12-4584-be83-bf54d4f9a619	cbd83813-f92c-494f-9835-954892ceb98e	pending	\N		2026-03-26 08:39:27.242338+00	2026-03-26 08:39:27.242338+00	Applied on behalf by university admin (6f22fd69-e290-49ca-b84e-669f4eb7242c)	\N
3d19ee5d-719f-4b6c-a568-64f5d3c86a05	ab061ad1-2c12-4584-be83-bf54d4f9a619	1b549477-1f82-44d7-82fa-b6e7f499ca8a	accepted	\N		2026-03-26 08:39:27.167627+00	2026-03-26 11:52:48.0751+00	Applied on behalf by university admin (6f22fd69-e290-49ca-b84e-669f4eb7242c)	2026-03-26 08:55:07.532342+00
\.


--
-- Data for Name: admin_application_curation; Type: TABLE DATA; Schema: public; Owner: -
--

COPY public.admin_application_curation (id, job_id, application_id, curated_by, curation_status, curation_note, forwarded_at, curated_at, updated_at) FROM stdin;
d3a11bb7-75f1-43f9-b1df-21110acd8d78	96792351-3c5f-45b6-b995-59275823ba61	ccb6407a-f651-4839-b69e-1956c90d661e	8eff39b7-8c85-4e72-bf16-c091023021a8	included		2026-03-21 17:40:10.926873+00	2026-03-21 17:40:10.731888+00	2026-03-21 17:40:10.929517+00
e43d936a-5aa3-46ea-885d-adc7a1784bbd	13e43b2a-6fc5-4a2c-bf08-22278dd7c3e9	4ab7bc7e-da83-4a44-b81f-1426cf85f922	8eff39b7-8c85-4e72-bf16-c091023021a8	included		2026-03-22 00:04:08.793538+00	2026-03-22 00:04:07.442288+00	2026-03-22 00:04:08.893437+00
bb2082ce-4eca-4159-ae70-04630d083278	bbf486c7-d358-4523-b445-0d4329790920	7d9da60a-a157-4c5a-b65c-d27224d036bc	8eff39b7-8c85-4e72-bf16-c091023021a8	included		2026-03-22 14:06:41.205327+00	2026-03-22 14:06:39.508077+00	2026-03-22 14:06:41.30823+00
6e18a93a-20d2-4b1b-a189-2b728d5e79be	5de2c036-1fcc-42a1-8b1d-45e594553d66	bcf0c0ec-5727-410d-a82f-e20184ed5dfa	8eff39b7-8c85-4e72-bf16-c091023021a8	included		2026-03-22 19:46:06.958895+00	2026-03-22 19:36:20.781254+00	2026-03-22 19:46:06.98442+00
076f9f48-338b-403c-8c83-029639600d44	ab061ad1-2c12-4584-be83-bf54d4f9a619	3d19ee5d-719f-4b6c-a568-64f5d3c86a05	\N	included	\N	2026-03-26 08:55:07.532342+00	2026-03-26 08:55:07.532342+00	2026-03-26 08:55:07.720238+00
\.


--
-- Data for Name: admin_audit_log; Type: TABLE DATA; Schema: public; Owner: -
--

COPY public.admin_audit_log (id, actor_id, action, target_id, target_type, metadata, ip_address, created_at) FROM stdin;
c0f41ec2-fb43-4bc0-be41-058df5c93cc1	8eff39b7-8c85-4e72-bf16-c091023021a8	company.approved	\N	company	{"reason": "all documents verified", "company_name": "NexaTech"}	\N	2026-03-12 17:50:15.68389+00
5c8bc5a4-7a93-4934-919a-05b1a192ebb8	8eff39b7-8c85-4e72-bf16-c091023021a8	user.suspended	\N	user	{"reason": "Terms of service violation", "old_status": "active"}	\N	2026-03-12 17:50:15.718247+00
d3f1d5c4-e269-4e36-ad9a-8f7600b23b7f	8eff39b7-8c85-4e72-bf16-c091023021a8	ai_config.updated	\N	ai_config	{"skill_weight": {"to": 0.4, "from": 0.35}}	\N	2026-03-12 17:50:15.751865+00
a1710aa9-ca41-40b7-b18f-7e5a62728d0d	8eff39b7-8c85-4e72-bf16-c091023021a8	flag.resolved	\N	flag	{"reason": "inappropriate_content", "resolution": "content removed"}	\N	2026-03-12 17:50:15.787905+00
591956f3-2f3a-4de0-9e6f-22d11eeaa880	8eff39b7-8c85-4e72-bf16-c091023021a8	university.approved	\N	university	{"university_name": "University of Tokyo"}	\N	2026-03-12 17:50:15.819318+00
1b4e29e0-b803-4b3d-a804-fa6688fdc3b6	8eff39b7-8c85-4e72-bf16-c091023021a8	company.approve	b41d71d7-0741-48b4-94f0-bc3c82a1700a	company	{"note": null, "company_name": "TechVision Japan"}	\N	2026-03-12 17:58:57.788698+00
32a23044-aad0-49be-91c3-675ce5f3ad3d	8eff39b7-8c85-4e72-bf16-c091023021a8	company.onboard	f10bb412-36b1-4c1a-aa45-d4b8128e4604	company	{"name": "test company"}	\N	2026-03-15 05:15:53.486894+00
0c1d25e7-2363-449e-9410-cffe5b3e691d	8eff39b7-8c85-4e72-bf16-c091023021a8	university.onboard	eeaa330e-fbca-4f78-a0db-dcbccfed8f50	university	{"name": "tes"}	\N	2026-03-15 05:31:29.484128+00
b507f0eb-ddb3-45f5-af87-0ef0c4e1b48f	8eff39b7-8c85-4e72-bf16-c091023021a8	company.approved	\N	company	{"reason": "all documents verified", "company_name": "NexaTech"}	\N	2026-03-16 08:44:33.560033+00
ac54742d-3d8e-4fd2-b23e-bec46a81e6c5	8eff39b7-8c85-4e72-bf16-c091023021a8	user.suspended	\N	user	{"reason": "Terms of service violation", "old_status": "active"}	\N	2026-03-16 08:44:33.60411+00
8bf7ef4d-4e2f-4e5b-a8c1-2b52260f8175	8eff39b7-8c85-4e72-bf16-c091023021a8	ai_config.updated	\N	ai_config	{"skill_weight": {"to": 0.4, "from": 0.35}}	\N	2026-03-16 08:44:33.645041+00
c5cd1628-30cb-4b1a-b0d3-7ffd64fc8414	8eff39b7-8c85-4e72-bf16-c091023021a8	flag.resolved	\N	flag	{"reason": "inappropriate_content", "resolution": "content removed"}	\N	2026-03-16 08:44:33.686696+00
dff5d8ab-ff85-4e62-adfe-5f5d174b74b1	8eff39b7-8c85-4e72-bf16-c091023021a8	university.approved	\N	university	{"university_name": "University of Tokyo"}	\N	2026-03-16 08:44:33.726834+00
6a78109f-7d8c-4556-b685-a00bfe8e553c	8eff39b7-8c85-4e72-bf16-c091023021a8	company.approve	162c5194-5fb4-4925-8697-97a5f63e81c1	company	{"note": null, "company_name": "Green Robotics"}	\N	2026-03-16 12:01:00.529514+00
94a11cde-63dc-4057-88b3-63959d6a5dc0	8eff39b7-8c85-4e72-bf16-c091023021a8	user.role_change	92255f03-6353-4fd9-b5e7-44113516884e	user	{"reason": "g", "new_role": "recruiter", "old_role": "student"}	\N	2026-03-16 12:09:02.175395+00
b4337430-c06d-4c74-8e31-6a26e2cd988f	8eff39b7-8c85-4e72-bf16-c091023021a8	university.onboard	29b5df9e-8b48-4036-a617-4e98b5ec9ba1	university	{"name": "Test PEC", "admin_email": "mmuttharasan@gmail.com"}	\N	2026-03-16 17:24:33.069011+00
900fb120-32be-4e7e-8a77-00260aaaaf55	8eff39b7-8c85-4e72-bf16-c091023021a8	company.register_with_admin	6d89524f-862c-48a4-a9a1-32d52ddccbf6	company	{"admin_email": "mmmanibh@gmail.com", "company_name": "Acem Crop"}	\N	2026-03-16 17:40:11.70184+00
1597cf79-dd3e-413a-ba4d-690e10f82eb7	8eff39b7-8c85-4e72-bf16-c091023021a8	company.approved	\N	company	{"reason": "all documents verified", "company_name": "NexaTech"}	\N	2026-03-17 06:56:46.345094+00
744d483f-27d9-4e16-9311-6e54c80fcde4	8eff39b7-8c85-4e72-bf16-c091023021a8	user.suspended	\N	user	{"reason": "Terms of service violation", "old_status": "active"}	\N	2026-03-17 06:56:46.381018+00
a1843fbe-d2d5-4534-8ee0-395557b80242	8eff39b7-8c85-4e72-bf16-c091023021a8	ai_config.updated	\N	ai_config	{"skill_weight": {"to": 0.4, "from": 0.35}}	\N	2026-03-17 06:56:46.421238+00
030c55a0-18f9-4058-92a2-de9bc5b4bb27	8eff39b7-8c85-4e72-bf16-c091023021a8	flag.resolved	\N	flag	{"reason": "inappropriate_content", "resolution": "content removed"}	\N	2026-03-17 06:56:46.464222+00
f91be7db-0e6e-4cd1-8110-42c2fcf55e39	8eff39b7-8c85-4e72-bf16-c091023021a8	university.approved	\N	university	{"university_name": "University of Tokyo"}	\N	2026-03-17 06:56:46.506472+00
7c0db479-d4f3-41a9-99cb-69a4710f71d1	8eff39b7-8c85-4e72-bf16-c091023021a8	university.onboard	6754317c-dec6-40e3-9522-2a43d001a8b7	university	{"name": "Chennai Institute of Technology", "admin_email": "cit-admin@interntojob.com"}	\N	2026-03-22 14:30:30.975198+00
01521af8-f4fa-40b7-b065-5327cb8a94a7	8eff39b7-8c85-4e72-bf16-c091023021a8	company.register_with_admin	feabca1d-a76d-4d62-b958-718963a313c2	company	{"admin_email": "fujikyu-admin@fujikyu.co.jp", "company_name": "Fujikyu Highland"}	\N	2026-03-23 02:48:11.283476+00
6265603b-7683-49a4-a9ac-5a8ec76142de	8eff39b7-8c85-4e72-bf16-c091023021a8	company.register_with_admin	c90efce0-f8b2-4fff-93c1-5f289dc906f5	company	{"admin_email": "shimane-admin@panasonic.com", "company_name": "Panasonic Corporation"}	\N	2026-03-23 02:50:23.537086+00
3dd6cb90-7121-455d-9ce2-b0d5a9a25141	8eff39b7-8c85-4e72-bf16-c091023021a8	student_created	8020be4a-296c-44c1-8b19-41fdb65bcd4e	student	{"email": "muthu@gmail.com", "university_id": "6754317c-dec6-40e3-9522-2a43d001a8b7"}	\N	2026-04-07 17:16:05.824588+00
47a94303-6176-479c-a05d-e83035bcf174	8eff39b7-8c85-4e72-bf16-c091023021a8	company.register_with_admin	712467ed-7514-43d6-8ac1-0cdc32c64fa5	company	{"admin_email": "admin@narao.academy", "company_name": "Intern2Job"}	\N	2026-04-10 07:59:15.210373+00
427aaf6a-715e-4e93-893f-30ccca298d32	8eff39b7-8c85-4e72-bf16-c091023021a8	student_created	5e83c01b-0a5f-4474-b341-3ab8d882b1ae	student	{"email": "madhank6114@gmail.com", "university_id": "6754317c-dec6-40e3-9522-2a43d001a8b7"}	\N	2026-04-12 17:19:50.76689+00
1082d49d-781a-476a-bd4f-9fffa083ef39	8eff39b7-8c85-4e72-bf16-c091023021a8	student_created	3e3220f3-fc34-4877-ac61-655f253f69ec	student	{"email": "vigneshwaranofficial321@gmail.com", "university_id": "6754317c-dec6-40e3-9522-2a43d001a8b7"}	\N	2026-04-12 17:21:51.671551+00
\.


--
-- Data for Name: ai_config; Type: TABLE DATA; Schema: public; Owner: -
--

COPY public.ai_config (id, skill_weight, research_weight, language_weight, trajectory_weight, min_score_threshold, max_results_per_run, model_version, updated_by, created_at, updated_at) FROM stdin;
b7ac3313-e8e0-4ef0-9ea8-83dd76894e3b	0.40	0.25	0.20	0.15	0.60	50	v2.1	\N	2026-03-12 17:49:25.874455+00	2026-03-12 17:49:25.874455+00
\.


--
-- Data for Name: ai_matching_runs; Type: TABLE DATA; Schema: public; Owner: -
--

COPY public.ai_matching_runs (id, job_id, triggered_by, status, total_analyzed, top_score, created_at, updated_at, llm_provider, llm_analyzed_count) FROM stdin;
610d24d3-f725-481f-a478-f6f6197a1e09	0ea07a6d-9a5b-4f28-9f20-fdd2a8ba253c	dc8a6720-5283-4e02-a2fc-4ebbff3b2ae4	complete	5	92.30	2026-03-12 04:07:16.825493+00	2026-03-12 04:07:16.825493+00	\N	0
4f9c3ad4-afe6-44e2-a791-39ea7a83de3e	eca5393d-fc8d-4cde-ac3f-c3847a196eda	dc8a6720-5283-4e02-a2fc-4ebbff3b2ae4	complete	5	92.30	2026-03-12 17:50:14.760799+00	2026-03-12 17:50:14.760799+00	\N	0
2bc628f7-99a3-4413-bc3f-265d3e703a22	ecb811ae-1196-476f-ab1e-3bcc23c19331	dc8a6720-5283-4e02-a2fc-4ebbff3b2ae4	complete	5	92.30	2026-03-16 08:44:32.798118+00	2026-03-16 08:44:32.798118+00	\N	0
6f76900d-b9b4-41c3-8dcd-1fc8495685f4	ba2eab3d-81c7-4570-bc4f-ffcc76bc61f0	dc8a6720-5283-4e02-a2fc-4ebbff3b2ae4	complete	5	92.30	2026-03-17 06:56:45.625181+00	2026-03-17 06:56:45.625181+00	\N	0
ce9890bd-179e-4290-91ab-6a641997389f	c288f92c-0268-4854-a007-2ee19ef810ac	dc8a6720-5283-4e02-a2fc-4ebbff3b2ae4	complete	5	62.00	2026-03-17 09:55:49.495276+00	2026-03-17 09:55:49.696643+00	\N	0
6065f7dd-5161-4c1d-845b-891ca2dd615d	6fe9046e-cf95-4414-a93b-02aaed300603	dc8a6720-5283-4e02-a2fc-4ebbff3b2ae4	complete	5	56.00	2026-03-19 18:39:48.960354+00	2026-03-19 18:39:56.269232+00	claude	5
1aa35400-30dc-4912-be33-0aacb34f9404	8a3829ff-4f8f-4be9-9561-b71a5d36ae91	dc8a6720-5283-4e02-a2fc-4ebbff3b2ae4	complete	5	74.00	2026-03-19 18:40:08.506127+00	2026-03-19 18:40:16.067647+00	claude	5
5d42d09e-61f7-4a1a-b293-0b73e13424e7	8a3829ff-4f8f-4be9-9561-b71a5d36ae91	dc8a6720-5283-4e02-a2fc-4ebbff3b2ae4	complete	5	74.00	2026-03-20 02:45:51.624368+00	2026-03-20 02:46:00.974659+00	claude	5
0e95cfc0-7ade-49e7-becb-e47f6c3ce924	ab0df157-9ddf-43bb-a7cd-fe12d4f39004	dc8a6720-5283-4e02-a2fc-4ebbff3b2ae4	complete	5	50.00	2026-03-20 02:46:04.977612+00	2026-03-20 02:46:11.868636+00	claude	5
b8f6e111-aca4-4cdf-a413-0cd0af797f33	8a3829ff-4f8f-4be9-9561-b71a5d36ae91	dc8a6720-5283-4e02-a2fc-4ebbff3b2ae4	complete	5	74.00	2026-03-21 04:36:07.385772+00	2026-03-21 04:36:08.631997+00	\N	0
b0215de6-33a7-4965-b448-0e749e66fef1	13e43b2a-6fc5-4a2c-bf08-22278dd7c3e9	dc8a6720-5283-4e02-a2fc-4ebbff3b2ae4	complete	5	68.00	2026-03-22 12:43:28.757217+00	2026-03-22 12:43:30.016243+00	\N	0
\.


--
-- Data for Name: ai_match_results; Type: TABLE DATA; Schema: public; Owner: -
--

COPY public.ai_match_results (id, job_id, student_id, score, explanation, created_at, run_id) FROM stdin;
0f9cc7d5-fc58-4353-acf6-9978d46450bc	0ea07a6d-9a5b-4f28-9f20-fdd2a8ba253c	2fcf2cfa-e4e2-41d9-a813-4c9150b73e6e	92.30	{"summary": "Exceptional match. Research on graph neural networks directly applies to the matching engine.", "concerns": [], "strengths": ["Deep ML research", "Published papers", "High GPA"], "skill_match": 95, "research_sim": 90, "learning_traj": 93, "lang_readiness": 88}	2026-03-12 04:07:16.860918+00	610d24d3-f725-481f-a478-f6f6197a1e09
98bd8a8a-7a9f-4d8b-b5ec-2f2dc9cb9d85	0ea07a6d-9a5b-4f28-9f20-fdd2a8ba253c	ff7e3fd1-3071-40c8-9fdc-a467302becfa	88.50	{"summary": "Strong candidate with hands-on ML internship experience.", "concerns": ["Less research publications"], "strengths": ["Practical ML pipelines", "Strong Python"], "skill_match": 88, "research_sim": 82, "learning_traj": 87, "lang_readiness": 92}	2026-03-12 04:07:16.902003+00	610d24d3-f725-481f-a478-f6f6197a1e09
d425225c-8a07-4d58-8dfc-1a0883ad662c	0ea07a6d-9a5b-4f28-9f20-fdd2a8ba253c	ace48744-72ab-4cc3-a79b-8a5e5841ccfc	81.00	{"summary": "Unique systems perspective for ML inference optimization.", "concerns": ["Limited Python ML", "No TensorFlow"], "strengths": ["Systems programming", "Performance optimization"], "skill_match": 78, "research_sim": 80, "learning_traj": 84, "lang_readiness": 85}	2026-03-12 04:07:16.940632+00	610d24d3-f725-481f-a478-f6f6197a1e09
836eec04-0c63-48fc-8034-733a78e9aeae	0ea07a6d-9a5b-4f28-9f20-fdd2a8ba253c	3b5ff52c-0d43-42ed-b3e6-e40ccdfd2455	74.20	{"summary": "Infrastructure-focused candidate pivoting to ML.", "concerns": ["Core ML gap"], "strengths": ["MLOps", "Kubernetes"], "skill_match": 70, "research_sim": 72, "learning_traj": 75, "lang_readiness": 80}	2026-03-12 04:07:16.983666+00	610d24d3-f725-481f-a478-f6f6197a1e09
058a86da-bc27-40d1-b0a9-43268db024d4	0ea07a6d-9a5b-4f28-9f20-fdd2a8ba253c	77f79196-aabc-494c-9ea4-c1bcc645753e	65.10	{"summary": "Fullstack background with some ML exposure.", "concerns": ["No dedicated ML experience"], "strengths": ["Full-stack versatility"], "skill_match": 60, "research_sim": 65, "learning_traj": 68, "lang_readiness": 70}	2026-03-12 04:07:17.029545+00	610d24d3-f725-481f-a478-f6f6197a1e09
bab80a85-8c64-44dc-9fb2-ad23dbe7cc68	eca5393d-fc8d-4cde-ac3f-c3847a196eda	2fcf2cfa-e4e2-41d9-a813-4c9150b73e6e	92.30	{"summary": "Exceptional match. Research on graph neural networks directly applies to the matching engine.", "concerns": [], "strengths": ["Deep ML research", "Published papers", "High GPA"], "skill_match": 95, "research_sim": 90, "learning_traj": 93, "lang_readiness": 88}	2026-03-12 17:50:14.799264+00	4f9c3ad4-afe6-44e2-a791-39ea7a83de3e
5517c46e-4271-41c5-a071-4f0be575e6d1	eca5393d-fc8d-4cde-ac3f-c3847a196eda	ff7e3fd1-3071-40c8-9fdc-a467302becfa	88.50	{"summary": "Strong candidate with hands-on ML internship experience.", "concerns": ["Less research publications"], "strengths": ["Practical ML pipelines", "Strong Python"], "skill_match": 88, "research_sim": 82, "learning_traj": 87, "lang_readiness": 92}	2026-03-12 17:50:14.836868+00	4f9c3ad4-afe6-44e2-a791-39ea7a83de3e
215d3ce3-f74e-49e9-8ad7-243947839de9	eca5393d-fc8d-4cde-ac3f-c3847a196eda	ace48744-72ab-4cc3-a79b-8a5e5841ccfc	81.00	{"summary": "Unique systems perspective for ML inference optimization.", "concerns": ["Limited Python ML", "No TensorFlow"], "strengths": ["Systems programming", "Performance optimization"], "skill_match": 78, "research_sim": 80, "learning_traj": 84, "lang_readiness": 85}	2026-03-12 17:50:14.877102+00	4f9c3ad4-afe6-44e2-a791-39ea7a83de3e
a8dd75e3-935a-4ecb-8fcc-523707216b1d	eca5393d-fc8d-4cde-ac3f-c3847a196eda	3b5ff52c-0d43-42ed-b3e6-e40ccdfd2455	74.20	{"summary": "Infrastructure-focused candidate pivoting to ML.", "concerns": ["Core ML gap"], "strengths": ["MLOps", "Kubernetes"], "skill_match": 70, "research_sim": 72, "learning_traj": 75, "lang_readiness": 80}	2026-03-12 17:50:14.914595+00	4f9c3ad4-afe6-44e2-a791-39ea7a83de3e
24cdea1f-aa46-47fd-898a-9583d2e6d1cb	eca5393d-fc8d-4cde-ac3f-c3847a196eda	77f79196-aabc-494c-9ea4-c1bcc645753e	65.10	{"summary": "Fullstack background with some ML exposure.", "concerns": ["No dedicated ML experience"], "strengths": ["Full-stack versatility"], "skill_match": 60, "research_sim": 65, "learning_traj": 68, "lang_readiness": 70}	2026-03-12 17:50:14.95166+00	4f9c3ad4-afe6-44e2-a791-39ea7a83de3e
8c9e03fe-9e88-4dbd-b5cf-d152e0835214	ecb811ae-1196-476f-ab1e-3bcc23c19331	2fcf2cfa-e4e2-41d9-a813-4c9150b73e6e	92.30	{"summary": "Exceptional match. Research on graph neural networks directly applies to the matching engine.", "concerns": [], "strengths": ["Deep ML research", "Published papers", "High GPA"], "skill_match": 95, "research_sim": 90, "learning_traj": 93, "lang_readiness": 88}	2026-03-16 08:44:32.840353+00	2bc628f7-99a3-4413-bc3f-265d3e703a22
fba08c25-32ad-41a4-aeba-59d5381421cc	ecb811ae-1196-476f-ab1e-3bcc23c19331	ff7e3fd1-3071-40c8-9fdc-a467302becfa	88.50	{"summary": "Strong candidate with hands-on ML internship experience.", "concerns": ["Less research publications"], "strengths": ["Practical ML pipelines", "Strong Python"], "skill_match": 88, "research_sim": 82, "learning_traj": 87, "lang_readiness": 92}	2026-03-16 08:44:32.881952+00	2bc628f7-99a3-4413-bc3f-265d3e703a22
20da1b6f-825f-4f6b-bcbc-7cd23426e334	ecb811ae-1196-476f-ab1e-3bcc23c19331	ace48744-72ab-4cc3-a79b-8a5e5841ccfc	81.00	{"summary": "Unique systems perspective for ML inference optimization.", "concerns": ["Limited Python ML", "No TensorFlow"], "strengths": ["Systems programming", "Performance optimization"], "skill_match": 78, "research_sim": 80, "learning_traj": 84, "lang_readiness": 85}	2026-03-16 08:44:32.921207+00	2bc628f7-99a3-4413-bc3f-265d3e703a22
46c1bddb-8097-495e-8c3f-0df36653b692	ecb811ae-1196-476f-ab1e-3bcc23c19331	3b5ff52c-0d43-42ed-b3e6-e40ccdfd2455	74.20	{"summary": "Infrastructure-focused candidate pivoting to ML.", "concerns": ["Core ML gap"], "strengths": ["MLOps", "Kubernetes"], "skill_match": 70, "research_sim": 72, "learning_traj": 75, "lang_readiness": 80}	2026-03-16 08:44:32.962454+00	2bc628f7-99a3-4413-bc3f-265d3e703a22
86a3486a-95cb-4f9a-8905-e19ceb779ce5	ecb811ae-1196-476f-ab1e-3bcc23c19331	77f79196-aabc-494c-9ea4-c1bcc645753e	65.10	{"summary": "Fullstack background with some ML exposure.", "concerns": ["No dedicated ML experience"], "strengths": ["Full-stack versatility"], "skill_match": 60, "research_sim": 65, "learning_traj": 68, "lang_readiness": 70}	2026-03-16 08:44:33.008388+00	2bc628f7-99a3-4413-bc3f-265d3e703a22
ac47271e-a5a6-4a40-9d15-042906cea0b9	ba2eab3d-81c7-4570-bc4f-ffcc76bc61f0	2fcf2cfa-e4e2-41d9-a813-4c9150b73e6e	92.30	{"summary": "Exceptional match. Research on graph neural networks directly applies to the matching engine.", "concerns": [], "strengths": ["Deep ML research", "Published papers", "High GPA"], "skill_match": 95, "research_sim": 90, "learning_traj": 93, "lang_readiness": 88}	2026-03-17 06:56:45.665725+00	6f76900d-b9b4-41c3-8dcd-1fc8495685f4
82853470-e899-47c2-a5e1-e3f42aa816c2	ba2eab3d-81c7-4570-bc4f-ffcc76bc61f0	ff7e3fd1-3071-40c8-9fdc-a467302becfa	88.50	{"summary": "Strong candidate with hands-on ML internship experience.", "concerns": ["Less research publications"], "strengths": ["Practical ML pipelines", "Strong Python"], "skill_match": 88, "research_sim": 82, "learning_traj": 87, "lang_readiness": 92}	2026-03-17 06:56:45.709209+00	6f76900d-b9b4-41c3-8dcd-1fc8495685f4
15e95659-c2ef-4ecd-befa-114143b373d5	ba2eab3d-81c7-4570-bc4f-ffcc76bc61f0	ace48744-72ab-4cc3-a79b-8a5e5841ccfc	81.00	{"summary": "Unique systems perspective for ML inference optimization.", "concerns": ["Limited Python ML", "No TensorFlow"], "strengths": ["Systems programming", "Performance optimization"], "skill_match": 78, "research_sim": 80, "learning_traj": 84, "lang_readiness": 85}	2026-03-17 06:56:45.754853+00	6f76900d-b9b4-41c3-8dcd-1fc8495685f4
c25c6dbc-0b7e-44a4-9283-dc54b35c3e60	ba2eab3d-81c7-4570-bc4f-ffcc76bc61f0	3b5ff52c-0d43-42ed-b3e6-e40ccdfd2455	74.20	{"summary": "Infrastructure-focused candidate pivoting to ML.", "concerns": ["Core ML gap"], "strengths": ["MLOps", "Kubernetes"], "skill_match": 70, "research_sim": 72, "learning_traj": 75, "lang_readiness": 80}	2026-03-17 06:56:45.794026+00	6f76900d-b9b4-41c3-8dcd-1fc8495685f4
912b8e95-ec1d-4e31-814b-2b0c73d2c741	ba2eab3d-81c7-4570-bc4f-ffcc76bc61f0	77f79196-aabc-494c-9ea4-c1bcc645753e	65.10	{"summary": "Fullstack background with some ML exposure.", "concerns": ["No dedicated ML experience"], "strengths": ["Full-stack versatility"], "skill_match": 60, "research_sim": 65, "learning_traj": 68, "lang_readiness": 70}	2026-03-17 06:56:45.83109+00	6f76900d-b9b4-41c3-8dcd-1fc8495685f4
beae4961-9f31-4a1a-b6b3-7300bb023811	c288f92c-0268-4854-a007-2ee19ef810ac	ff7e3fd1-3071-40c8-9fdc-a467302becfa	62.00	{"flag": "Skill Gap", "summary": "Haruto Sato's composite score is 62/100.", "constraint": "Skill gap: some required skills not found in student profile", "skill_match": 60, "skill_notes": "Matched skills for this role.", "llm_analysis": null, "research_sim": 60, "learning_traj": 100, "lang_readiness": 40, "language_notes": "Language readiness: 40/100 (current: N/A)", "research_notes": "Research relevance: 60/100"}	2026-03-17 09:55:49.588524+00	ce9890bd-179e-4290-91ab-6a641997389f
703405b0-a491-4baf-b7a8-ce1c0602df79	c288f92c-0268-4854-a007-2ee19ef810ac	2fcf2cfa-e4e2-41d9-a813-4c9150b73e6e	50.00	{"flag": "Skill Gap", "summary": "Yuna Kim's composite score is 50/100.", "constraint": "Skill gap: some required skills not found in student profile", "skill_match": 30, "skill_notes": "Matched skills for this role.", "llm_analysis": null, "research_sim": 60, "learning_traj": 100, "lang_readiness": 40, "language_notes": "Language readiness: 40/100 (current: N/A)", "research_notes": "Research relevance: 60/100"}	2026-03-17 09:55:49.588524+00	ce9890bd-179e-4290-91ab-6a641997389f
0753079d-6215-441c-b3b8-5f1203e15768	c288f92c-0268-4854-a007-2ee19ef810ac	3b5ff52c-0d43-42ed-b3e6-e40ccdfd2455	50.00	{"flag": "Skill Gap", "summary": "Kenji Watanabe's composite score is 50/100.", "constraint": "Skill gap: some required skills not found in student profile", "skill_match": 30, "skill_notes": "Matched skills for this role.", "llm_analysis": null, "research_sim": 60, "learning_traj": 100, "lang_readiness": 40, "language_notes": "Language readiness: 40/100 (current: N/A)", "research_notes": "Research relevance: 60/100"}	2026-03-17 09:55:49.588524+00	ce9890bd-179e-4290-91ab-6a641997389f
ffd504bd-07a0-472b-b3dd-d1fbf7797667	c288f92c-0268-4854-a007-2ee19ef810ac	77f79196-aabc-494c-9ea4-c1bcc645753e	62.00	{"flag": "Skill Gap", "summary": "Aoi Nakamura's composite score is 62/100.", "constraint": "Skill gap: some required skills not found in student profile", "skill_match": 60, "skill_notes": "Matched skills for this role.", "llm_analysis": null, "research_sim": 60, "learning_traj": 100, "lang_readiness": 40, "language_notes": "Language readiness: 40/100 (current: N/A)", "research_notes": "Research relevance: 60/100"}	2026-03-17 09:55:49.588524+00	ce9890bd-179e-4290-91ab-6a641997389f
6795f6b6-b38a-4b03-b3cb-a6b5a0f56fd0	c288f92c-0268-4854-a007-2ee19ef810ac	ace48744-72ab-4cc3-a79b-8a5e5841ccfc	50.00	{"flag": "Skill Gap", "summary": "Ren Fujita's composite score is 50/100.", "constraint": "Skill gap: some required skills not found in student profile", "skill_match": 30, "skill_notes": "Matched skills for this role.", "llm_analysis": null, "research_sim": 60, "learning_traj": 100, "lang_readiness": 40, "language_notes": "Language readiness: 40/100 (current: N/A)", "research_notes": "Research relevance: 60/100"}	2026-03-17 09:55:49.588524+00	ce9890bd-179e-4290-91ab-6a641997389f
c7fe4f63-28a7-428c-923e-861233bd9568	6fe9046e-cf95-4414-a93b-02aaed300603	ff7e3fd1-3071-40c8-9fdc-a467302becfa	56.00	{"flag": "Skill Gap", "summary": "Haruto Sato's composite score is 56/100.", "constraint": "Skill gap: some required skills not found in student profile", "skill_match": 45, "skill_notes": "Matched skills for this role.", "llm_analysis": {"gaps": ["No product strategy or product management experience", "Missing Agile methodology knowledge", "No Figma or design tools proficiency", "Lacks user research and customer discovery skills", "Background is purely technical (ML/Python/React) rather than product-focused"], "provider": "claude", "strengths": ["SQL proficiency aligns with job requirement and demonstrates data analysis capability", "Exceptional GPA (3.85) and trajectory score (100) indicate strong academic discipline and learning ability", "Computer Science background from University of Tokyo provides solid technical foundation for understanding product infrastructure"], "recommendation": "Further Review", "cultural_fit_score": 72, "detailed_reasoning": "While the candidate's academic excellence and technical SQL competency create a foundation for PM work, the absence of product strategy, Agile, Figma, and user research skills—four of five core requirements—makes this a weak direct match. However, their exceptional learning trajectory (100 score), University of Tokyo prestige, and technical depth suggest they could rapidly upskill in product domains if mentored appropriately. This candidate would benefit from a structured PM internship with strong coaching rather than immediate PM ownership of roadmap decisions. Consider as a candidate if the role includes substantial training or if the team can provide intensive PM mentorship.", "overall_assessment": "The candidate demonstrates strong technical fundamentals with SQL proficiency and excellent academic credentials, but lacks critical product management competencies including Agile, Figma, product strategy, and user research experience. While their CS background and stellar trajectory suggest growth potential, significant skill gaps in core PM domains present a notable mismatch for this role.", "interview_questions": ["Walk us through a technical project where you had to consider user needs or iterate based on feedback—how did you approach understanding what users actually wanted versus what you initially planned?", "Why are you interested in transitioning from ML/backend engineering to product management, and what specific aspects of product work excite you most?", "Tell us about a time you collaborated with non-technical stakeholders (designers, business teams, end-users). How did you communicate technical concepts and incorporate their input?"], "growth_potential_score": 82}, "research_sim": 60, "learning_traj": 100, "lang_readiness": 40, "language_notes": "Language readiness: 40/100 (current: N/A)", "research_notes": "Research relevance: 60/100"}	2026-03-19 18:39:49.043303+00	6065f7dd-5161-4c1d-845b-891ca2dd615d
4e30f6a3-7495-475d-816c-b62026ada3ad	6fe9046e-cf95-4414-a93b-02aaed300603	2fcf2cfa-e4e2-41d9-a813-4c9150b73e6e	50.00	{"flag": "Skill Gap", "summary": "Yuna Kim's composite score is 50/100.", "constraint": "Skill gap: some required skills not found in student profile", "skill_match": 30, "skill_notes": "Matched skills for this role.", "llm_analysis": {"gaps": ["No product strategy or product management experience", "Missing core PM tools: Figma (design), SQL (data querying), Agile methodology", "No user research or customer discovery background", "Limited evidence of cross-functional collaboration or product thinking"], "provider": "claude", "strengths": ["Exceptional GPA (3.92) demonstrates strong academic performance and discipline", "University of Tokyo affiliation provides cultural familiarity and local network advantage", "Data visualization and statistics skills offer valuable input for user research analysis and product metrics", "Perfect trajectory score (100) indicates strong growth potential and development capacity"], "recommendation": "Consider", "cultural_fit_score": 82, "detailed_reasoning": "While this candidate does not meet the technical requirements for the Product Manager internship, their exceptional academic profile, University of Tokyo background, and high growth trajectory suggest they could develop into a strong PM with proper mentorship. The analytical foundation from data science is complementary to product work. This would be best suited as a structured internship with dedicated PM training rather than as an immediate PM hire. Their lack of Figma, SQL, and Agile experience can be rapidly upskilled, but commitment to learning product-specific methodologies should be assessed in interviews.", "overall_assessment": "This candidate has strong academic credentials and excellent trajectory from a top Japanese university, but lacks direct alignment with core product management competencies required for the role. The data science background provides analytical strengths but does not cover essential PM skills like product strategy, UX design, or Agile methodologies.", "interview_questions": ["Walk us through a time when you had to understand user needs or problems—how did you approach gathering that information, and what did you learn?", "You have a strong data science background. How do you see data and analytics playing a role in product decision-making, and can you give an example of how you'd use data to validate a hypothesis?", "This role requires learning Agile, Figma, and SQL—none of which appear in your current skillset. How do you typically approach learning new technical tools, and what's your timeline for productivity?"], "growth_potential_score": 78}, "research_sim": 60, "learning_traj": 100, "lang_readiness": 40, "language_notes": "Language readiness: 40/100 (current: N/A)", "research_notes": "Research relevance: 60/100"}	2026-03-19 18:39:49.043303+00	6065f7dd-5161-4c1d-845b-891ca2dd615d
d6117b16-0095-49fa-a99c-65a67794585d	6fe9046e-cf95-4414-a93b-02aaed300603	3b5ff52c-0d43-42ed-b3e6-e40ccdfd2455	50.00	{"flag": "Skill Gap", "summary": "Kenji Watanabe's composite score is 50/100.", "constraint": "Skill gap: some required skills not found in student profile", "skill_match": 30, "skill_notes": "Matched skills for this role.", "llm_analysis": {"gaps": ["No product management, product strategy, or agile methodology experience", "Missing required skills: Figma (design), SQL (database querying), and no demonstrated user research experience", "No portfolio or evidence of product roadmap work, user-centric thinking, or cross-functional collaboration", "Low skills match score (30) - background is backend/infrastructure focused rather than product-focused"], "provider": "claude", "strengths": ["Outstanding trajectory score (100) indicating strong academic performance and internship readiness", "Strong technical foundation with PostgreSQL and AWS experience that provides database/infrastructure understanding valuable for product decisions", "University of Tokyo background suggests high capability and familiarity with Japanese work environment and culture"], "recommendation": "Further Review", "cultural_fit_score": 85, "detailed_reasoning": "While the candidate demonstrates exceptional academic performance and cultural fit as a University of Tokyo student, the role requires product management fundamentals that this backend-focused engineer has not developed. The 30/100 skills match is significant—this is not simply learning PM tools but a fundamental pivot from infrastructure engineering to product thinking. However, their strong trajectory, technical credibility, and demonstrated learning ability warrant consideration if the company is willing to invest in training. A conversation about their interest in transitioning to product, evidence of user empathy, and ability to learn PM frameworks would determine viability.", "overall_assessment": "The candidate has strong technical fundamentals and impressive academic credentials from University of Tokyo, but lacks direct product management experience and the specific PM-adjacent skills required for this role. While their infrastructure/backend expertise could provide technical perspective, they would require significant ramp-up in product strategy, user research, and design tools.", "interview_questions": ["Your background is in backend engineering with Go/Kubernetes/AWS. What sparked your interest in transitioning to product management, and do you have any experience thinking about user problems or user research?", "Can you walk us through a time when you had to collaborate with non-technical stakeholders or think about how a technical decision impacts end users?", "This role requires learning Figma and developing product strategy skills quickly. How have you approached learning new domain areas in the past, and what's your self-directed learning capability?"], "growth_potential_score": 72}, "research_sim": 60, "learning_traj": 100, "lang_readiness": 40, "language_notes": "Language readiness: 40/100 (current: N/A)", "research_notes": "Research relevance: 60/100"}	2026-03-19 18:39:49.043303+00	6065f7dd-5161-4c1d-845b-891ca2dd615d
48a284da-0058-4531-b594-c5fb95b0d9dc	6fe9046e-cf95-4414-a93b-02aaed300603	77f79196-aabc-494c-9ea4-c1bcc645753e	50.00	{"flag": "Skill Gap", "summary": "Aoi Nakamura's composite score is 50/100.", "constraint": "Skill gap: some required skills not found in student profile", "skill_match": 30, "skill_notes": "Matched skills for this role.", "llm_analysis": {"gaps": ["No demonstrated Product Strategy, Agile, or SQL experience", "No Figma or design tool proficiency", "No User Research or product discovery background", "No evidence of product-level thinking, roadmap planning, or stakeholder management"], "provider": "claude", "strengths": ["Outstanding trajectory score (100) and relevant computer science degree from top Japanese university", "Solid technical foundation with modern full-stack development skills (React, Node.js, GraphQL, MongoDB)", "Located in Japan with potential understanding of local market and business context"], "recommendation": "Further Review", "cultural_fit_score": 78, "detailed_reasoning": "While this candidate demonstrates excellent academic credentials and technical capability, they are fundamentally misaligned with the Product Manager role requirements. The position demands product strategy and UX skills (Figma, user research) where the candidate has engineering expertise instead. However, strong growth potential and University of Tokyo background warrant further exploration if the team is willing to invest in reskilling a technical candidate into product management, or if the candidate shows genuine interest in transitioning from engineering to product. A conversation about career motivation and product thinking would be valuable before deciding to pass.", "overall_assessment": "This candidate has strong technical foundations and excellent trajectory as a University of Tokyo Information Systems student, but lacks the core product management competencies required for this PM internship role. The skill set is heavily engineering-focused rather than product-strategy oriented, creating a significant experience gap despite strong academic standing.", "interview_questions": ["You have a strong engineering background, but this role is focused on product strategy and user research rather than coding. What attracts you to product management, and have you had any experience thinking about product problems from a user or business perspective?", "Tell us about a time you were involved in a project where you had to understand user needs or define requirements. How did you approach understanding what the end user actually wanted?", "This internship involves creating roadmaps and making strategic product decisions. How comfortable are you working with ambiguity and making decisions without technical specifications?"], "growth_potential_score": 82}, "research_sim": 60, "learning_traj": 100, "lang_readiness": 40, "language_notes": "Language readiness: 40/100 (current: N/A)", "research_notes": "Research relevance: 60/100"}	2026-03-19 18:39:49.043303+00	6065f7dd-5161-4c1d-845b-891ca2dd615d
94b577cc-5c87-4fd3-baee-2b9d2ef6f4df	6fe9046e-cf95-4414-a93b-02aaed300603	ace48744-72ab-4cc3-a79b-8a5e5841ccfc	50.00	{"flag": "Skill Gap", "summary": "Ren Fujita's composite score is 50/100.", "constraint": "Skill gap: some required skills not found in student profile", "skill_match": 30, "skill_notes": "Matched skills for this role.", "llm_analysis": {"gaps": ["No product management, product strategy, or Agile experience", "Missing required skills: SQL, Figma, and formal user research methodology", "No demonstrated experience with product roadmapping or cross-functional stakeholder management", "Limited evidence of product thinking or user-centric design perspective"], "provider": "claude", "strengths": ["Outstanding trajectory score (100) with excellent GPA (3.78) indicating strong problem-solving ability and work ethic", "University of Tokyo Computer Science background provides solid technical foundation and understanding of engineering constraints", "Strong systems-level thinking through embedded systems and FPGA experience could translate to technical product decisions"], "recommendation": "Further Review", "cultural_fit_score": 72, "detailed_reasoning": "While this candidate demonstrates exceptional academic performance and technical depth, the skill gap is substantial for a product management internship. However, their high trajectory score, strong academic foundation, and University of Tokyo background suggest significant growth potential if they possess underlying product intuition. A structured interview could reveal whether their engineering mindset includes user empathy and systems thinking that translates to product management. The gap between technical expertise (embedded systems, FPGA) and product requirements (Figma, user research) is significant, but not insurmountable for a motivated learner. Recommend exploring their interest in transitioning from pure engineering to product, and assessing quick-learning ability through hypothetical product scenario discussions.", "overall_assessment": "This candidate has strong technical fundamentals and excellent trajectory, but lacks the product management and design skills critical for this PM internship role. Their background in systems engineering and computer science is valuable but misaligned with the product strategy and user-facing focus required.", "interview_questions": ["Tell us about a time you advocated for a technical decision or feature—what was your process for understanding user needs versus engineering constraints?", "How would you approach learning Figma and user research methodologies if you had 2 weeks before starting this internship?", "Describe a project where you had to communicate technical concepts to non-technical stakeholders. How did you prioritize what to explain?", "Why are you transitioning from embedded systems engineering to product management, and what excites you about building a student internship discovery platform?"], "growth_potential_score": 82}, "research_sim": 60, "learning_traj": 100, "lang_readiness": 40, "language_notes": "Language readiness: 40/100 (current: N/A)", "research_notes": "Research relevance: 60/100"}	2026-03-19 18:39:49.043303+00	6065f7dd-5161-4c1d-845b-891ca2dd615d
86587c21-c406-48fc-9935-62b3c53b6c12	8a3829ff-4f8f-4be9-9561-b71a5d36ae91	ff7e3fd1-3071-40c8-9fdc-a467302becfa	74.00	{"flag": null, "summary": "Haruto Sato's composite score is 74/100.", "constraint": null, "skill_match": 90, "skill_notes": "Matched skills for this role.", "llm_analysis": {"gaps": ["FastAPI framework experience not explicitly mentioned; requires confirmation during interview", "No research experience listed, suggesting limited exposure to advanced ML concepts or publication track record"], "provider": "claude", "strengths": ["Perfect skill match: Demonstrates proficiency in all required technologies (Python, ML, SQL, React) plus TypeScript bonus", "Elite academic credentials: 3.85 GPA from University of Tokyo Computer Science program demonstrates consistent excellence", "Exceptional trajectory: Perfect 100/100 trajectory score indicates strong career progression momentum and likely high performer"], "recommendation": "Strong Hire", "cultural_fit_score": 82, "detailed_reasoning": "This candidate represents a compelling hire for the AI Software Engineer Intern position. With perfect alignment on all five core technical requirements and a stellar 3.85 GPA from University of Tokyo, the candidate demonstrates both capability and commitment to excellence. The 100/100 trajectory score indicates strong momentum and likelihood of high performance. While FastAPI experience isn't explicitly mentioned, this represents a minor framework knowledge gap easily bridged during onboarding given the candidate's strong Python and full-stack capabilities. The lack of research experience is a non-critical factor for an internship role. Cultural fit is strong given University of Tokyo's alignment with Japanese professional standards, and the candidate's presence in or connection to Japan minimizes integration friction.", "overall_assessment": "Strong technical fit with excellent skill alignment and demonstrated trajectory. The candidate possesses 5 of 5 core technical requirements and maintains exceptional academic performance from a target institution. Minor gap in FastAPI experience can be quickly addressed through onboarding.", "interview_questions": ["Can you walk us through a specific machine learning project where you built end-to-end features? How did you handle data pipeline design and model deployment?", "Have you worked with API frameworks similar to FastAPI (such as Flask, Django, or other async frameworks)? How quickly do you typically pick up new frameworks?", "Describe your experience integrating React frontends with backend services. How do you approach debugging issues across the full stack?", "What attracts you to this internship opportunity specifically, and what do you hope to accomplish during your internship period?"], "growth_potential_score": 88}, "research_sim": 60, "learning_traj": 100, "lang_readiness": 40, "language_notes": "Language readiness: 40/100 (current: N/A)", "research_notes": "Research relevance: 60/100"}	2026-03-19 18:40:08.598063+00	1aa35400-30dc-4912-be33-0aacb34f9404
fb12bca8-ecae-41ce-9372-e344254ec585	8a3829ff-4f8f-4be9-9561-b71a5d36ae91	2fcf2cfa-e4e2-41d9-a813-4c9150b73e6e	56.00	{"flag": "Skill Gap", "summary": "Yuna Kim's composite score is 56/100.", "constraint": "Skill gap: some required skills not found in student profile", "skill_match": 45, "skill_notes": "Matched skills for this role.", "llm_analysis": {"gaps": ["Missing FastAPI and React skills - critical for full-stack feature development", "No SQL experience despite role requirement", "Limited web development exposure; primarily data science focused"], "provider": "claude", "strengths": ["Excellent GPA (3.92) and strong Python proficiency with TensorFlow experience", "Perfect trajectory score (100) indicating strong career potential and growth mindset", "Local University of Tokyo affiliation provides cultural and logistical advantages for internship placement"], "recommendation": "Consider", "cultural_fit_score": 82, "detailed_reasoning": "While the candidate demonstrates exceptional academic performance and strong ML fundamentals through TensorFlow and Python expertise, they fall short on critical stack requirements (FastAPI, React, SQL). However, their perfect trajectory score, elite GPA, and local University of Tokyo background suggest high trainability and cultural fit. This candidate could succeed with onboarding support for web framework skills, particularly given their strong programming foundation. Recommend proceeding if the team can provide mentorship on full-stack development, otherwise this is better suited as a machine learning specialist role.", "overall_assessment": "The candidate has strong foundational ML expertise and exceptional academic credentials from University of Tokyo, but lacks critical technical skills for this specific role including FastAPI, React, and SQL. Their Data Science background aligns well with ML components, though full-stack requirements present a significant gap.", "interview_questions": ["Your ML skills are strong, but you haven't worked with FastAPI or React. How quickly do you typically learn new frameworks, and can you describe a time you picked up a new technology independently?", "The role requires SQL for data pipeline work. What database experience do you have, and are you comfortable learning SQL as part of the internship?", "Tell us about a project where you deployed a machine learning model to production. What was your involvement in the backend infrastructure and frontend integration?"], "growth_potential_score": 88}, "research_sim": 60, "learning_traj": 100, "lang_readiness": 40, "language_notes": "Language readiness: 40/100 (current: N/A)", "research_notes": "Research relevance: 60/100"}	2026-03-19 18:40:08.598063+00	1aa35400-30dc-4912-be33-0aacb34f9404
e3bcc992-88ff-498a-98a3-15a8a73f444e	8a3829ff-4f8f-4be9-9561-b71a5d36ae91	77f79196-aabc-494c-9ea4-c1bcc645753e	56.00	{"flag": "Skill Gap", "summary": "Aoi Nakamura's composite score is 56/100.", "constraint": "Skill gap: some required skills not found in student profile", "skill_match": 45, "skill_notes": "Matched skills for this role.", "llm_analysis": {"gaps": ["No Python experience (critical requirement for ML work)", "Missing Machine Learning knowledge and experience", "No SQL background despite database requirement", "No FastAPI or FastAPI-equivalent backend framework experience", "No demonstrated research or ML project portfolio"], "provider": "claude", "strengths": ["Proficient in React, directly matching one of five required technical skills", "Strong full-stack development experience with Node.js, MongoDB, and GraphQL demonstrating solid engineering fundamentals", "Exceptional trajectory score (100) and University of Tokyo enrollment indicate high academic performance and capability for advanced technical learning", "No language barrier with Japanese-speaking team due to no Japanese requirement for the role"], "recommendation": "Consider", "cultural_fit_score": 82, "detailed_reasoning": "While the candidate lacks three of five core technical requirements (Python, ML, SQL), their strong React skills, University of Tokyo credentials, and exceptional trajectory score (100/100) indicate they are capable of rapidly acquiring missing competencies during an intensive internship. The role's focus on building ML-powered features rather than pure research suggests a junior engineer can learn on the job with mentorship. The candidate's demonstrated ability to master complex technologies (GraphQL, Node.js ecosystem) and their proximity to graduation (2025) make them a viable candidate for a structured learning internship, contingent on their motivation to pivot toward ML and demonstrated aptitude during technical interviews.", "overall_assessment": "The candidate demonstrates strong web development fundamentals with React and Node.js expertise, but lacks critical ML and Python skills required for an AI Software Engineer role. However, their University of Tokyo background, solid GPA, and perfect trajectory score suggest strong potential for rapid skill acquisition in a structured internship environment.", "interview_questions": ["Your experience is primarily in frontend/full-stack JavaScript development. Walk us through your motivation for transitioning to machine learning and AI, and describe any self-directed learning you've undertaken in Python or ML fundamentals.", "Tell us about a complex technical challenge you've solved in your projects. How would your problem-solving approach translate to debugging ML model performance issues or data pipeline problems?", "How quickly have you picked up new programming languages or frameworks in the past? Given you'd need to learn Python and ML frameworks from scratch, how would you structure your learning during this internship?"], "growth_potential_score": 85}, "research_sim": 60, "learning_traj": 100, "lang_readiness": 40, "language_notes": "Language readiness: 40/100 (current: N/A)", "research_notes": "Research relevance: 60/100"}	2026-03-19 18:40:08.598063+00	1aa35400-30dc-4912-be33-0aacb34f9404
98d9d4a3-2283-45dc-87d6-f5cd2eb6c594	8a3829ff-4f8f-4be9-9561-b71a5d36ae91	3b5ff52c-0d43-42ed-b3e6-e40ccdfd2455	50.00	{"flag": "Skill Gap", "summary": "Kenji Watanabe's composite score is 50/100.", "constraint": "Skill gap: some required skills not found in student profile", "skill_match": 30, "skill_notes": "Matched skills for this role.", "llm_analysis": {"gaps": ["No Python experience despite it being a core requirement", "No Machine Learning or ML framework experience (TensorFlow, PyTorch, scikit-learn)", "No FastAPI or async Python web framework experience", "No React or frontend development experience", "No SQL/relational database experience (has PostgreSQL exposure but unclear depth)"], "provider": "claude", "strengths": ["Perfect trajectory score (100) and strong GPA (3.7) indicating consistent high performance", "Solid foundational engineering skills with Docker, Kubernetes, and AWS experience showing understanding of modern software systems", "Located in Japan with University of Tokyo affiliation, eliminating visa/cultural adaptation concerns and suggesting familiarity with Japanese work environment"], "recommendation": "Consider", "cultural_fit_score": 90, "detailed_reasoning": "While the candidate has significant skill gaps in the required tech stack (Python, ML, FastAPI, React), their exceptional academic performance, perfect trajectory score, and local presence at University of Tokyo suggest they have the foundational problem-solving abilities and motivation to acquire these skills quickly. The gaps are in specific tools rather than core computer science concepts—they understand databases, cloud infrastructure, and containerization. Their Go/Kubernetes background indicates they can master any programming language or framework. This is a learner who could grow into the role within the first month of structured onboarding, making them worth considering for a junior internship position willing to invest in skill development.", "overall_assessment": "The candidate demonstrates strong software engineering fundamentals with excellent academic credentials and a perfect trajectory score, but lacks direct experience in the specific tech stack required (Python, ML, FastAPI, React). However, their DevOps and infrastructure expertise could be valuable for backend development, and their University of Tokyo background suggests strong technical capability to quickly acquire missing skills.", "interview_questions": ["Walk us through your experience with PostgreSQL and relational databases—can you describe how you would design a schema for matching students with internship opportunities?", "You have strong DevOps and infrastructure skills—how would you approach learning a new programming language like Python, and what would be your strategy to ramp up on ML concepts in a 3-month internship timeline?", "Tell us about a project where you had to learn a completely new technology stack. How did you approach the learning process and what was the outcome?", "Have you done any frontend development or worked closely with frontend teams? How do you think your backend/infrastructure focus would translate to understanding full-stack system design?"], "growth_potential_score": 85}, "research_sim": 60, "learning_traj": 100, "lang_readiness": 40, "language_notes": "Language readiness: 40/100 (current: N/A)", "research_notes": "Research relevance: 60/100"}	2026-03-19 18:40:08.598063+00	1aa35400-30dc-4912-be33-0aacb34f9404
5ee0c43f-729e-4fd4-a92b-8170845602bb	8a3829ff-4f8f-4be9-9561-b71a5d36ae91	ace48744-72ab-4cc3-a79b-8a5e5841ccfc	50.00	{"flag": "Skill Gap", "summary": "Ren Fujita's composite score is 50/100.", "constraint": "Skill gap: some required skills not found in student profile", "skill_match": 30, "skill_notes": "Matched skills for this role.", "llm_analysis": {"gaps": ["No demonstrated Python experience, which is critical for ML work", "Lacks Machine Learning and SQL knowledge required for the role", "No experience with React or modern web frameworks for frontend development", "No research publications or ML project portfolio to demonstrate applied capabilities in the field"], "provider": "claude", "strengths": ["Exceptional academic performance (3.78 GPA) and trajectory score (100) indicating strong learning capability and consistency", "Solid programming foundation with systems languages (Rust, C++) and Linux expertise, which supports backend engineering fundamentals", "Located at University of Tokyo with no language barrier for working in Japan, providing practical advantages for internship execution"], "recommendation": "Consider", "cultural_fit_score": 78, "detailed_reasoning": "While the candidate's skills-job match is notably weak (30/100), their exceptional academic trajectory (100/100), strong GPA, and demonstrated ability to master complex technical domains suggest high learning velocity. The gap between systems programming and ML/web development is substantial but bridgeable given their CS fundamentals. This internship could serve as a pivotal opportunity to pivot their expertise toward ML, though mentorship intensity and timeline expectations should be carefully calibrated. Recommend proceeding with a technical screening focused on algorithmic thinking and learning agility rather than specific technology familiarity.", "overall_assessment": "The candidate has strong foundational CS skills and excellent academic trajectory but lacks direct experience in the core technical requirements (Python, ML, SQL, FastAPI, React). Their systems-level expertise in Rust, C++, and embedded systems demonstrates solid programming fundamentals that could transfer to backend development, but significant upskilling would be needed for ML and frontend technologies.", "interview_questions": ["Your background is in systems programming and embedded systems. Walk us through your approach to learning a completely new technology stack—how would you tackle Python, Machine Learning, and web frameworks if given this internship role?", "Describe a complex technical problem you solved using Rust or C++ and explain how you debugged or optimized it. How would you apply that problem-solving methodology to machine learning model development?", "What interests you about shifting from embedded systems and FPGA work to AI/ML software engineering? What have you done to explore or prepare for this transition?"], "growth_potential_score": 82}, "research_sim": 60, "learning_traj": 100, "lang_readiness": 40, "language_notes": "Language readiness: 40/100 (current: N/A)", "research_notes": "Research relevance: 60/100"}	2026-03-19 18:40:08.598063+00	1aa35400-30dc-4912-be33-0aacb34f9404
6966a855-3260-4fa8-aa15-a8f5de42f755	8a3829ff-4f8f-4be9-9561-b71a5d36ae91	ff7e3fd1-3071-40c8-9fdc-a467302becfa	74.00	{"flag": null, "summary": "Haruto Sato's composite score is 74/100.", "constraint": null, "skill_match": 90, "skill_notes": "Matched skills for this role.", "llm_analysis": {"gaps": ["FastAPI experience not mentioned; will require onboarding but framework-specific knowledge is typically acquired quickly given Python proficiency"], "provider": "claude", "strengths": ["Exceptional skill match: Python, Machine Learning, SQL, and React all present; exceeds 90/100 on technical skills assessment", "Outstanding academic trajectory with 3.85 GPA from University of Tokyo Computer Science program demonstrates strong technical foundation", "Perfect timing with 2025 graduation year and proven capability in modern tech stack including TypeScript, showing adaptability beyond core requirements"], "recommendation": "Strong Hire", "cultural_fit_score": 78, "detailed_reasoning": "This candidate represents an excellent match for the AI Software Engineer Intern position. With a 3.85 GPA from University of Tokyo's Computer Science program and demonstrated expertise in all but one required technical skill (FastAPI), the candidate has a solid foundation for immediate contribution. The algorithmic assessment of 74 overall with 90/100 skills score confirms strong technical capabilities. The single gap—FastAPI experience—is not critical given the candidate's proven Python and web framework knowledge (React, TypeScript). The 100/100 trajectory score indicates high growth potential and motivation. Japanese language is not required, eliminating any concern about the candidate's lack of Japanese proficiency. This internship offers an ideal opportunity for a talented CS student to apply ML expertise to a real-world platform.", "overall_assessment": "Strong candidate with excellent technical skills alignment and high GPA from a top-tier institution. Missing FastAPI experience is the only notable gap, but this is learnable and doesn't significantly impact the strong fit for this AI engineering internship.", "interview_questions": ["Walk us through your most significant Machine Learning project—what was the problem, your approach, and how did you measure success?", "You have strong React and TypeScript experience but no FastAPI background. How do you typically approach learning a new framework or technology, and can you give an example?", "Tell us about your experience building production-ready ML features. What challenges did you face with model deployment, data pipelines, or API integration?"], "growth_potential_score": 85}, "research_sim": 60, "learning_traj": 100, "lang_readiness": 40, "language_notes": "Language readiness: 40/100 (current: N/A)", "research_notes": "Research relevance: 60/100"}	2026-03-20 02:45:51.713236+00	5d42d09e-61f7-4a1a-b293-0b73e13424e7
a73817c5-859e-4b04-806e-62f673318ef0	8a3829ff-4f8f-4be9-9561-b71a5d36ae91	2fcf2cfa-e4e2-41d9-a813-4c9150b73e6e	56.00	{"flag": "Skill Gap", "summary": "Yuna Kim's composite score is 56/100.", "constraint": "Skill gap: some required skills not found in student profile", "skill_match": 45, "skill_notes": "Matched skills for this role.", "llm_analysis": {"gaps": ["Missing FastAPI web framework experience - critical for backend development", "No React or frontend development skills demonstrated", "SQL database experience not mentioned despite being required", "Limited exposure to full-stack software engineering practices"], "provider": "claude", "strengths": ["Exceptional GPA (3.92) and enrollment at prestigious University of Tokyo signals strong technical foundation", "Python expertise with TensorFlow directly applicable to ML feature development", "Perfect trajectory score (100) indicates strong career progression potential and growth readiness"], "recommendation": "Consider", "cultural_fit_score": 78, "detailed_reasoning": "This candidate represents a strong technical foundation with excellent learning potential, evidenced by their top-tier GPA and trajectory score. Their Python and TensorFlow expertise directly support ML feature development. However, the significant gaps in FastAPI, React, and SQL—all explicitly required for this role—prevent a 'Strong Hire' recommendation. The candidate would require structured onboarding in full-stack web development practices. The University of Tokyo enrollment and data science specialization suggest they can acquire these skills quickly. Recommend moving to interview phase to assess learning velocity, web development interest, and ability to rapidly upskill in missing technical areas during the internship.", "overall_assessment": "The candidate demonstrates strong foundational ML knowledge and exceptional academic performance, but lacks critical full-stack development skills required for the role. While their data science background at University of Tokyo is valuable, they need to develop FastAPI, React, and SQL proficiency to be immediately productive.", "interview_questions": ["You have strong ML and Python skills but limited web framework experience. Walk us through your approach to learning FastAPI and React during the first month of the internship, and share an example of how you've successfully learned a new technical framework before.", "Our platform uses SQL databases to store internship and candidate data. What is your experience with database design and SQL queries, and are you comfortable learning database fundamentals on the job?", "Describe a time when you built an end-to-end project (even a small one) that required backend and frontend components. What challenges did you face integrating these layers?"], "growth_potential_score": 85}, "research_sim": 60, "learning_traj": 100, "lang_readiness": 40, "language_notes": "Language readiness: 40/100 (current: N/A)", "research_notes": "Research relevance: 60/100"}	2026-03-20 02:45:51.713236+00	5d42d09e-61f7-4a1a-b293-0b73e13424e7
2475819d-eaf2-4767-9d23-1da9ba03be84	8a3829ff-4f8f-4be9-9561-b71a5d36ae91	77f79196-aabc-494c-9ea4-c1bcc645753e	56.00	{"flag": "Skill Gap", "summary": "Aoi Nakamura's composite score is 56/100.", "constraint": "Skill gap: some required skills not found in student profile", "skill_match": 45, "skill_notes": "Matched skills for this role.", "llm_analysis": {"gaps": ["No Python experience despite being core requirement", "No Machine Learning or ML frameworks experience", "No SQL knowledge for database interactions", "No FastAPI or backend API framework experience in the required tech stack"], "provider": "claude", "strengths": ["React proficiency directly matches frontend requirements for the internship matching platform", "Strong foundation in modern web technologies (Node.js, GraphQL, MongoDB) indicating solid engineering practices", "Attending University of Tokyo with 3.55 GPA shows academic capability and likely exposure to CS fundamentals"], "recommendation": "Consider", "cultural_fit_score": 85, "detailed_reasoning": "While this candidate lacks the specific ML and Python technical requirements, their strong React skills, top-tier university background, and exceptional trajectory score (100) indicate they are capable of quickly learning the missing technologies. The gap between frontend-focused experience and ML engineering is significant but not insurmountable for a talented early-career developer. Recommend proceeding with interview to assess learning agility, mathematical foundation, and genuine interest in AI/ML. Consider offering role contingent on demonstrating Python and basic ML fundamentals through screening exercises.", "overall_assessment": "The candidate demonstrates strong web development fundamentals with React and modern JavaScript stack expertise, but lacks critical ML and Python skills required for this AI-focused role. However, their University of Tokyo background, solid GPA, and excellent career trajectory suggest strong potential for rapid upskilling.", "interview_questions": ["Your background is primarily in JavaScript and frontend development. What interests you about transitioning to machine learning and Python-based development, and what steps have you taken to prepare?", "Tell us about a complex problem you've solved using data and algorithms in JavaScript. How would you approach building similar solutions in Python?", "University of Tokyo offers strong CS programs. What coursework or projects have you completed involving mathematics, algorithms, or data structures that would support ML work?"], "growth_potential_score": 82}, "research_sim": 60, "learning_traj": 100, "lang_readiness": 40, "language_notes": "Language readiness: 40/100 (current: N/A)", "research_notes": "Research relevance: 60/100"}	2026-03-20 02:45:51.713236+00	5d42d09e-61f7-4a1a-b293-0b73e13424e7
10dbca21-a3de-443e-9777-962a0c4137a5	8a3829ff-4f8f-4be9-9561-b71a5d36ae91	3b5ff52c-0d43-42ed-b3e6-e40ccdfd2455	50.00	{"flag": "Skill Gap", "summary": "Kenji Watanabe's composite score is 50/100.", "constraint": "Skill gap: some required skills not found in student profile", "skill_match": 30, "skill_notes": "Matched skills for this role.", "llm_analysis": {"gaps": ["No Python experience despite it being a primary requirement", "No Machine Learning or ML framework experience (TensorFlow, PyTorch, scikit-learn)", "No FastAPI or web framework experience", "No React/frontend development experience", "No ML research or project portfolio demonstrated"], "provider": "claude", "strengths": ["Perfect trajectory score (100) indicating strong career progression and commitment to engineering excellence", "Highly relevant university (University of Tokyo) with solid 3.7 GPA demonstrating academic rigor", "Strong infrastructure and DevOps fundamentals (Kubernetes, Docker, AWS, PostgreSQL) that transfer well to ML platform development", "Database experience with PostgreSQL shows understanding of data management critical for ML systems"], "recommendation": "Consider", "cultural_fit_score": 85, "detailed_reasoning": "While the candidate's technical gaps are significant (missing Python and ML expertise), their strong academic foundation, perfect trajectory score, and deep infrastructure knowledge suggest high learning velocity. The University of Tokyo background and local presence eliminate visa/relocation barriers common with international interns. The Go/Kubernetes/Docker skills indicate systems thinking applicable to ML pipeline development. This is a 'Consider' rather than 'Strong Hire' due to substantial onboarding needs, but worthwhile for a team able to mentor in Python and ML fundamentals. The candidate's infrastructure expertise could uniquely benefit platform scalability aspects that many junior ML engineers lack.", "overall_assessment": "The candidate demonstrates strong foundational engineering capabilities with excellent academic standing and perfect trajectory score, but lacks direct experience in the core ML/Python stack required for this role. With their infrastructure background (Kubernetes, Docker, AWS) and strong problem-solving foundation, they could ramp up quickly on the specific technical requirements.", "interview_questions": ["You have strong infrastructure experience but haven't used Python or ML frameworks. Walk us through how you'd approach learning Python and a new ML library quickly, and share an example of when you've learned a new technology rapidly.", "Tell us about a complex system you've built or debugged using Docker/Kubernetes. How would you apply that systems thinking to understanding ML model pipelines and data flows?", "What interests you specifically about moving from infrastructure/DevOps work into ML engineering? How do you see your Go and Kubernetes experience complementing rather than conflicting with this transition?"], "growth_potential_score": 82}, "research_sim": 60, "learning_traj": 100, "lang_readiness": 40, "language_notes": "Language readiness: 40/100 (current: N/A)", "research_notes": "Research relevance: 60/100"}	2026-03-20 02:45:51.713236+00	5d42d09e-61f7-4a1a-b293-0b73e13424e7
948da09b-6bd3-4c4b-8efe-f89a08d14c62	8a3829ff-4f8f-4be9-9561-b71a5d36ae91	ace48744-72ab-4cc3-a79b-8a5e5841ccfc	50.00	{"flag": "Skill Gap", "summary": "Ren Fujita's composite score is 50/100.", "constraint": "Skill gap: some required skills not found in student profile", "skill_match": 30, "skill_notes": "Matched skills for this role.", "llm_analysis": {"gaps": ["No Python experience despite it being the primary required skill", "No Machine Learning or AI background", "No SQL or FastAPI experience", "No React or web development experience", "Skills focused on embedded systems and low-level programming rather than ML/AI"], "provider": "claude", "strengths": ["Perfect trajectory score (100) indicating strong academic progress and potential for rapid skill acquisition", "Excellent GPA (3.78) demonstrating strong foundational computer science knowledge", "University of Tokyo background provides credibility and access to quality technical education"], "recommendation": "Further Review", "cultural_fit_score": 75, "detailed_reasoning": "While this candidate lacks the specific technical skills for the role, their strong academic foundation, perfect trajectory score, and Computer Science expertise suggest they could rapidly acquire the needed ML and web development skills. The substantial gap between their systems programming background and the role's ML/web focus is concerning for immediate productivity, but their demonstrated ability to master complex technical concepts makes them worth interviewing if the company is willing to invest in onboarding. The University of Tokyo affiliation and high GPA indicate quality fundamentals that transfer across domains.", "overall_assessment": "The candidate demonstrates strong academic credentials and exceptional trajectory as a Computer Science student from University of Tokyo, but has a significant skills gap. Their expertise in systems-level programming (Rust, C++, Embedded Systems, FPGA) does not align with the ML/web development focus required for this AI Software Engineer Intern role.", "interview_questions": ["Your background is primarily in systems programming and embedded systems, while this role focuses on machine learning and web development. What motivated your interest in transitioning to ML engineering, and how do you plan to quickly acquire Python and ML skills?", "Can you describe your experience with learning new programming languages and frameworks? Given you don't have Python experience, walk us through how you would approach becoming productive with Python, FastAPI, and React.", "Tell us about a complex technical project you've built from scratch. How did you break down the problem, and what was your process for learning new tools or concepts required to complete it?"], "growth_potential_score": 85}, "research_sim": 60, "learning_traj": 100, "lang_readiness": 40, "language_notes": "Language readiness: 40/100 (current: N/A)", "research_notes": "Research relevance: 60/100"}	2026-03-20 02:45:51.713236+00	5d42d09e-61f7-4a1a-b293-0b73e13424e7
f5237c30-d309-4f85-ba08-bc92061c9110	ab0df157-9ddf-43bb-a7cd-fe12d4f39004	ff7e3fd1-3071-40c8-9fdc-a467302becfa	50.00	{"flag": "Skill Gap", "summary": "Haruto Sato's composite score is 50/100.", "constraint": "Skill gap: some required skills not found in student profile", "skill_match": 30, "skill_notes": "Matched skills for this role.", "llm_analysis": {"gaps": ["No demonstrated senior-level frontend engineering experience or portfolio evidence", "Low algorithmic skills score suggests gaps in complex data structures and system design knowledge", "Limited practical experience with production-scale React applications", "No Japanese language proficiency despite Tokyo-based hybrid role"], "provider": "claude", "strengths": ["Strong foundational skills in React and TypeScript matching core job requirements", "Excellent academic performance (GPA 3.85) from prestigious University of Tokyo", "Outstanding career trajectory score (100) indicating high growth potential and upward momentum", "Diverse technical background including Python and Machine Learning strengthens problem-solving capabilities"], "recommendation": "Further Review", "cultural_fit_score": 70, "detailed_reasoning": "While this candidate shows strong academic credentials and possesses the essential React/TypeScript skills, the significant gap between a 'Senior' level position and apparent junior/mid-level experience creates misalignment. The University of Tokyo background and exceptional trajectory score suggest genuine potential, but the low algorithmic skills assessment (30) and lack of demonstrated senior engineering accomplishments are concerning for a senior role. This candidate could be excellent for a mid-level or accelerated mid-to-senior track position, or could be reconsidered for the senior role if their actual project experience and system design capabilities exceed what the algorithmic scores suggest. Recommend technical interview to assess depth of React expertise, architectural thinking, and mentorship capability.", "overall_assessment": "The candidate possesses the core React requirement and demonstrates strong academic credentials from University of Tokyo with excellent trajectory. However, the low algorithmic skills score (30) and lack of senior-level experience raise concerns about readiness for a Senior Frontend Engineer role.", "interview_questions": ["Can you walk us through a complex React application you've built? Specifically, how did you handle state management, performance optimization, and component architecture at scale?", "Describe your experience mentoring junior developers or leading technical initiatives. How do you approach designing and reviewing code?", "Tell us about a time you solved a challenging algorithmic problem or designed a system. Walk us through your approach and trade-offs you considered.", "What are your career goals regarding transitioning into a senior engineering role, and how do you plan to develop the leadership and architectural skills required?"], "growth_potential_score": 85}, "research_sim": 60, "learning_traj": 100, "lang_readiness": 40, "language_notes": "Language readiness: 40/100 (current: N/A)", "research_notes": "Research relevance: 60/100"}	2026-03-20 02:46:05.061395+00	0e95cfc0-7ade-49e7-becb-e47f6c3ce924
86ce78a3-2c0c-4ee3-88a1-3da88182f14d	ab0df157-9ddf-43bb-a7cd-fe12d4f39004	2fcf2cfa-e4e2-41d9-a813-4c9150b73e6e	50.00	{"flag": "Skill Gap", "summary": "Yuna Kim's composite score is 50/100.", "constraint": "Skill gap: some required skills not found in student profile", "skill_match": 30, "skill_notes": "Matched skills for this role.", "llm_analysis": {"gaps": ["No React.js or frontend development experience required for the role", "No web development skills (HTML, CSS, JavaScript frameworks)", "Data science focus misaligned with frontend engineering specialization", "No demonstrated UI/UX or client-side development expertise"], "provider": "claude", "strengths": ["Excellent academic performance (3.92 GPA) from a prestigious institution", "Strong foundation in programming and data analysis through Python and TensorFlow expertise", "Perfect trajectory score (100) indicating high growth potential and commitment to technical roles"], "recommendation": "Further Review", "cultural_fit_score": 72, "detailed_reasoning": "While the candidate demonstrates exceptional academic credentials and learning potential, the role requires a Senior Frontend Engineer with React.js expertise, and this candidate's background is primarily in data science. However, the perfect trajectory score and strong programming foundation suggest they could transition into frontend development with proper training. This would be suitable for a junior frontend position or if the company has a structured mentorship program. A detailed technical interview exploring their JavaScript knowledge, willingness to pivot specializations, and web development interest would be necessary before proceeding.", "overall_assessment": "This candidate has a strong academic profile and exceptional trajectory, but lacks the critical technical skills required for a Senior Frontend Engineer React position. The data science background demonstrates analytical capability but does not align with frontend development expertise.", "interview_questions": ["Your background is in data science with Python and TensorFlow expertise. What motivated you to apply for a Senior Frontend Engineer React role, and do you have any web development or JavaScript experience we should know about?", "Can you walk us through any projects where you've worked with web technologies, APIs, or user interfaces, even if they weren't your primary focus?", "How quickly do you typically learn new programming frameworks and languages, and are you genuinely interested in transitioning from data science to frontend development as a career path?"], "growth_potential_score": 85}, "research_sim": 60, "learning_traj": 100, "lang_readiness": 40, "language_notes": "Language readiness: 40/100 (current: N/A)", "research_notes": "Research relevance: 60/100"}	2026-03-20 02:46:05.061395+00	0e95cfc0-7ade-49e7-becb-e47f6c3ce924
b357b77b-58f7-4e36-a9f5-7035d4cb4471	ab0df157-9ddf-43bb-a7cd-fe12d4f39004	3b5ff52c-0d43-42ed-b3e6-e40ccdfd2455	50.00	{"flag": "Skill Gap", "summary": "Kenji Watanabe's composite score is 50/100.", "constraint": "Skill gap: some required skills not found in student profile", "skill_match": 30, "skill_notes": "Matched skills for this role.", "llm_analysis": {"gaps": ["No React or frontend JavaScript experience despite role requiring senior-level React expertise", "No web development or UI/UX related skills demonstrated", "Backend-focused skill set (Go, PostgreSQL) misaligned with frontend engineering position"], "provider": "claude", "strengths": ["Graduated from University of Tokyo with strong 3.7 GPA, showing academic excellence", "Possesses modern cloud and containerization skills (AWS, Kubernetes, Docker) valuable for full-stack development", "Perfect trajectory score (100) indicates strong career progression potential and motivation"], "recommendation": "Further Review", "cultural_fit_score": 85, "detailed_reasoning": "While the candidate's strong academic pedigree, Tokyo-based university background, and exceptional trajectory score suggest excellent cultural fit and potential for rapid growth, the substantial technical gap in React development cannot be overlooked for a Senior Frontend Engineer role. However, the candidate's demonstrated ability to master diverse technologies (Go, Kubernetes, Docker, AWS) and strong fundamentals suggest they could potentially transition into frontend development with structured mentoring. A further review should assess their willingness to pivot to frontend specialization, any prior exposure to JavaScript/React learning, and whether the hiring team would consider this as a mid-level position with growth potential rather than a true senior hire.", "overall_assessment": "The candidate demonstrates strong academic credentials and excellent career trajectory as a recent University of Tokyo graduate, but has a significant skills gap in React/Frontend development. While their backend and DevOps expertise is valuable, the role specifically requires Senior-level React proficiency which is not evident in their skill set.", "interview_questions": ["What motivated you to pursue a backend/DevOps focused skill set, and are you interested in transitioning to frontend development? Can you share any experience with JavaScript or web development?", "Tell us about a complex technical project where you had to learn a new framework or language from scratch. How would you apply that learning methodology to mastering React?", "How would you approach building scalable, performant frontend applications given your strong background in distributed systems and containerization?"], "growth_potential_score": 75}, "research_sim": 60, "learning_traj": 100, "lang_readiness": 40, "language_notes": "Language readiness: 40/100 (current: N/A)", "research_notes": "Research relevance: 60/100"}	2026-03-20 02:46:05.061395+00	0e95cfc0-7ade-49e7-becb-e47f6c3ce924
7329cdf7-4187-4ccc-b56f-8baf2c8fc21d	ab0df157-9ddf-43bb-a7cd-fe12d4f39004	77f79196-aabc-494c-9ea4-c1bcc645753e	50.00	{"flag": "Skill Gap", "summary": "Aoi Nakamura's composite score is 50/100.", "constraint": "Skill gap: some required skills not found in student profile", "skill_match": 30, "skill_notes": "Matched skills for this role.", "llm_analysis": {"gaps": ["No professional experience listed despite 'Senior' level role requirement", "No Japanese language proficiency for Tokyo-based hybrid position, which may impact team communication and cultural integration", "Limited evidence of advanced React expertise or senior-level architectural experience"], "provider": "claude", "strengths": ["Strong technical foundation with React, JavaScript, and complementary full-stack skills (Node.js, GraphQL, MongoDB)", "High academic credentials from University of Tokyo with 3.55 GPA in Information Systems", "Excellent trajectory score (100) indicating strong potential for growth and development in tech roles"], "recommendation": "Further Review", "cultural_fit_score": 65, "detailed_reasoning": "While the candidate demonstrates strong technical fundamentals and excellent growth potential, there is a critical misalignment between their profile (final-year student with no listed professional experience) and the 'Senior Frontend Engineer' role designation. The lack of Japanese language skills is also concerning for a Tokyo-based position. This candidate would be an exceptional fit for junior-level or graduate engineer programs, but requires significant professional experience development before genuinely senior-level positions. We recommend either discussing whether the role's actual seniority level is lower than advertised, or considering the candidate for entry-level engineering pathways within the organization.", "overall_assessment": "The candidate possesses the core technical skills required for the Senior Frontend Engineer React role, with solid React and JavaScript proficiency. However, the position's seniority level and the candidate's graduation in 2025 create a significant experience mismatch, suggesting this may be better suited as a junior or graduate role.", "interview_questions": ["Can you walk us through your most complex React project? What architectural decisions did you make and why, particularly around state management and component design?", "You're graduating in 2025—do you have any professional internship or work experience with React in production environments, and if so, what scale and complexity of systems have you built?", "How do you plan to navigate working in a Tokyo-based team without Japanese language proficiency? Are you open to intensive Japanese language training, and what's your timeline for developing conversational capability?", "This role is positioned as 'Senior'—what specific aspects of your portfolio demonstrate senior-level thinking, such as mentoring others, architectural leadership, or managing technical debt?"], "growth_potential_score": 85}, "research_sim": 60, "learning_traj": 100, "lang_readiness": 40, "language_notes": "Language readiness: 40/100 (current: N/A)", "research_notes": "Research relevance: 60/100"}	2026-03-20 02:46:05.061395+00	0e95cfc0-7ade-49e7-becb-e47f6c3ce924
b60da6f8-a154-4551-ac05-3cf0e449309e	ab0df157-9ddf-43bb-a7cd-fe12d4f39004	ace48744-72ab-4cc3-a79b-8a5e5841ccfc	50.00	{"flag": "Skill Gap", "summary": "Ren Fujita's composite score is 50/100.", "constraint": "Skill gap: some required skills not found in student profile", "skill_match": 30, "skill_notes": "Matched skills for this role.", "llm_analysis": {"gaps": ["No React.js or frontend web development experience", "No JavaScript/TypeScript skills mentioned", "Background is systems/embedded programming rather than UI/UX-focused development", "No demonstrated web development portfolio or relevant project experience"], "provider": "claude", "strengths": ["Excellent academic standing with 3.78 GPA from a top-tier Japanese university", "Strong trajectory score (100) indicating exceptional growth potential and learning ability", "Demonstrates deep technical foundation in low-level systems programming that could support understanding of performance optimization in frontend applications"], "recommendation": "Further Review", "cultural_fit_score": 78, "detailed_reasoning": "While this candidate's systems programming expertise and exceptional trajectory suggest they could rapidly learn React and frontend development, the skill gap is significant for a Senior-level role that requires immediate productivity. However, the University of Tokyo pedigree, high GPA, and perfect trajectory score indicate remarkable learning capacity. Consider this candidate for a junior-to-mid level frontend engineering position with structured mentorship, or explore whether they might be better suited for roles combining frontend with performance optimization or systems integration. If they have hidden web development experience or projects, this assessment could improve substantially.", "overall_assessment": "This candidate is misaligned with the Senior Frontend Engineer React position despite strong academic credentials and being a University of Tokyo student. Their expertise in systems-level programming (Rust, C++, Embedded Systems, FPGA) does not translate to frontend web development with React, creating a significant skills gap for the specific role requirements.", "interview_questions": ["Your background is primarily in systems programming and embedded systems. What motivated your interest in transitioning to frontend React development, and do you have any web development projects or experience not listed on your resume?", "React requires understanding JavaScript/TypeScript, asynchronous programming, and component lifecycle management. How would you approach learning these web technologies, and what's your timeline for becoming productive in a React codebase?", "Given your strong background in Rust and FPGA, how do you think your experience with performance optimization and low-level systems could benefit frontend development, particularly in optimizing React applications?"], "growth_potential_score": 88}, "research_sim": 60, "learning_traj": 100, "lang_readiness": 40, "language_notes": "Language readiness: 40/100 (current: N/A)", "research_notes": "Research relevance: 60/100"}	2026-03-20 02:46:05.061395+00	0e95cfc0-7ade-49e7-becb-e47f6c3ce924
43a4edc9-8c59-42f5-8e3c-14f91d1ed686	8a3829ff-4f8f-4be9-9561-b71a5d36ae91	ff7e3fd1-3071-40c8-9fdc-a467302becfa	74.00	{"flag": null, "summary": "Haruto Sato's composite score is 74/100.", "constraint": null, "skill_match": 90, "skill_notes": "Matched skills for this role.", "llm_analysis": null, "research_sim": 60, "learning_traj": 100, "lang_readiness": 40, "language_notes": "Language readiness: 40/100 (current: N/A)", "research_notes": "Research relevance: 60/100"}	2026-03-21 04:36:07.934401+00	b8f6e111-aca4-4cdf-a413-0cd0af797f33
5d5c3dc9-16c9-437d-a227-62aa6b9fe95d	8a3829ff-4f8f-4be9-9561-b71a5d36ae91	2fcf2cfa-e4e2-41d9-a813-4c9150b73e6e	56.00	{"flag": "Skill Gap", "summary": "Yuna Kim's composite score is 56/100.", "constraint": "Skill gap: some required skills not found in student profile", "skill_match": 45, "skill_notes": "Matched skills for this role.", "llm_analysis": null, "research_sim": 60, "learning_traj": 100, "lang_readiness": 40, "language_notes": "Language readiness: 40/100 (current: N/A)", "research_notes": "Research relevance: 60/100"}	2026-03-21 04:36:07.934401+00	b8f6e111-aca4-4cdf-a413-0cd0af797f33
19e4228b-3711-490f-bc47-e231b1f68918	8a3829ff-4f8f-4be9-9561-b71a5d36ae91	3b5ff52c-0d43-42ed-b3e6-e40ccdfd2455	50.00	{"flag": "Skill Gap", "summary": "Kenji Watanabe's composite score is 50/100.", "constraint": "Skill gap: some required skills not found in student profile", "skill_match": 30, "skill_notes": "Matched skills for this role.", "llm_analysis": null, "research_sim": 60, "learning_traj": 100, "lang_readiness": 40, "language_notes": "Language readiness: 40/100 (current: N/A)", "research_notes": "Research relevance: 60/100"}	2026-03-21 04:36:07.934401+00	b8f6e111-aca4-4cdf-a413-0cd0af797f33
3058175f-7cb4-45fb-9260-959163352334	8a3829ff-4f8f-4be9-9561-b71a5d36ae91	77f79196-aabc-494c-9ea4-c1bcc645753e	56.00	{"flag": "Skill Gap", "summary": "Aoi Nakamura's composite score is 56/100.", "constraint": "Skill gap: some required skills not found in student profile", "skill_match": 45, "skill_notes": "Matched skills for this role.", "llm_analysis": null, "research_sim": 60, "learning_traj": 100, "lang_readiness": 40, "language_notes": "Language readiness: 40/100 (current: N/A)", "research_notes": "Research relevance: 60/100"}	2026-03-21 04:36:07.934401+00	b8f6e111-aca4-4cdf-a413-0cd0af797f33
7516f2ea-e8f7-449b-aed1-7e365e38515e	8a3829ff-4f8f-4be9-9561-b71a5d36ae91	ace48744-72ab-4cc3-a79b-8a5e5841ccfc	50.00	{"flag": "Skill Gap", "summary": "Ren Fujita's composite score is 50/100.", "constraint": "Skill gap: some required skills not found in student profile", "skill_match": 30, "skill_notes": "Matched skills for this role.", "llm_analysis": null, "research_sim": 60, "learning_traj": 100, "lang_readiness": 40, "language_notes": "Language readiness: 40/100 (current: N/A)", "research_notes": "Research relevance: 60/100"}	2026-03-21 04:36:07.934401+00	b8f6e111-aca4-4cdf-a413-0cd0af797f33
1241a1ab-95d5-4faf-a186-14619474a605	13e43b2a-6fc5-4a2c-bf08-22278dd7c3e9	ff7e3fd1-3071-40c8-9fdc-a467302becfa	68.00	{"flag": "Skill Gap", "summary": "Haruto Sato's composite score is 68/100.", "constraint": "Skill gap: some required skills not found in student profile", "skill_match": 75, "skill_notes": "Matched skills for this role.", "llm_analysis": null, "research_sim": 60, "learning_traj": 100, "lang_readiness": 40, "language_notes": "Language readiness: 40/100 (current: N/A)", "research_notes": "Research relevance: 60/100"}	2026-03-22 12:43:29.324015+00	b0215de6-33a7-4965-b448-0e749e66fef1
b5d2d1ee-234c-40fc-9ab4-822c655d7544	13e43b2a-6fc5-4a2c-bf08-22278dd7c3e9	2fcf2cfa-e4e2-41d9-a813-4c9150b73e6e	68.00	{"flag": "Skill Gap", "summary": "Yuna Kim's composite score is 68/100.", "constraint": "Skill gap: some required skills not found in student profile", "skill_match": 75, "skill_notes": "Matched skills for this role.", "llm_analysis": null, "research_sim": 60, "learning_traj": 100, "lang_readiness": 40, "language_notes": "Language readiness: 40/100 (current: N/A)", "research_notes": "Research relevance: 60/100"}	2026-03-22 12:43:29.324015+00	b0215de6-33a7-4965-b448-0e749e66fef1
2277ea42-6e6e-413a-bc63-8fe36764c2a1	13e43b2a-6fc5-4a2c-bf08-22278dd7c3e9	3b5ff52c-0d43-42ed-b3e6-e40ccdfd2455	50.00	{"flag": "Skill Gap", "summary": "Kenji Watanabe's composite score is 50/100.", "constraint": "Skill gap: some required skills not found in student profile", "skill_match": 30, "skill_notes": "Matched skills for this role.", "llm_analysis": null, "research_sim": 60, "learning_traj": 100, "lang_readiness": 40, "language_notes": "Language readiness: 40/100 (current: N/A)", "research_notes": "Research relevance: 60/100"}	2026-03-22 12:43:29.324015+00	b0215de6-33a7-4965-b448-0e749e66fef1
a3d02274-b93e-4c36-85fa-d292543bca20	13e43b2a-6fc5-4a2c-bf08-22278dd7c3e9	77f79196-aabc-494c-9ea4-c1bcc645753e	50.00	{"flag": "Skill Gap", "summary": "Aoi Nakamura's composite score is 50/100.", "constraint": "Skill gap: some required skills not found in student profile", "skill_match": 30, "skill_notes": "Matched skills for this role.", "llm_analysis": null, "research_sim": 60, "learning_traj": 100, "lang_readiness": 40, "language_notes": "Language readiness: 40/100 (current: N/A)", "research_notes": "Research relevance: 60/100"}	2026-03-22 12:43:29.324015+00	b0215de6-33a7-4965-b448-0e749e66fef1
292bd44d-daab-489c-859c-99193aa8b2fe	13e43b2a-6fc5-4a2c-bf08-22278dd7c3e9	ace48744-72ab-4cc3-a79b-8a5e5841ccfc	68.00	{"flag": "Skill Gap", "summary": "Ren Fujita's composite score is 68/100.", "constraint": "Skill gap: some required skills not found in student profile", "skill_match": 75, "skill_notes": "Matched skills for this role.", "llm_analysis": null, "research_sim": 60, "learning_traj": 100, "lang_readiness": 40, "language_notes": "Language readiness: 40/100 (current: N/A)", "research_notes": "Research relevance: 60/100"}	2026-03-22 12:43:29.324015+00	b0215de6-33a7-4965-b448-0e749e66fef1
\.


--
-- Data for Name: internships; Type: TABLE DATA; Schema: public; Owner: -
--

COPY public.internships (id, application_id, student_id, job_id, company_id, status, start_date, end_date, mentor_name, team, created_at, updated_at, conclusion_type, conclusion_note, concluded_at, concluded_by, extension_end_date) FROM stdin;
10b3ce19-f50e-4849-9162-bece581a92cc	aab13346-5a97-451a-a6d0-1fe6ea1d2917	1b549477-1f82-44d7-82fa-b6e7f499ca8a	8a3829ff-4f8f-4be9-9561-b71a5d36ae91	bc26132e-0523-4379-a82b-0303c88c62d5	completed	2024-07-15	2024-10-15	Yuki Tanaka	AI Platform Team	2026-03-19 17:50:10.914761+00	2026-03-19 17:50:10.914761+00	\N	\N	\N	\N	\N
5d79ba64-594f-47dd-981e-c5bc85280ab9	ccb6407a-f651-4839-b69e-1956c90d661e	1b549477-1f82-44d7-82fa-b6e7f499ca8a	96792351-3c5f-45b6-b995-59275823ba61	bc26132e-0523-4379-a82b-0303c88c62d5	completed	2026-03-21	2026-12-31	\N	\N	2026-03-21 18:11:59.486247+00	2026-04-07 16:56:29.733946+00	\N	\N	\N	\N	\N
3c02021e-7794-4ce2-af5e-01c497fa39e0	3d19ee5d-719f-4b6c-a568-64f5d3c86a05	1b549477-1f82-44d7-82fa-b6e7f499ca8a	ab061ad1-2c12-4584-be83-bf54d4f9a619	bc26132e-0523-4379-a82b-0303c88c62d5	completed	2026-03-26	2026-12-31	\N	\N	2026-03-26 11:52:48.155607+00	2026-04-07 17:03:46.480875+00	\N	\N	\N	\N	\N
3e536f0b-7a95-4ca9-a5f1-b8011e40c1f0	7d9da60a-a157-4c5a-b65c-d27224d036bc	1b549477-1f82-44d7-82fa-b6e7f499ca8a	bbf486c7-d358-4523-b445-0d4329790920	bc26132e-0523-4379-a82b-0303c88c62d5	completed	2026-01-01	2026-03-31	\N	\N	2026-04-07 17:18:53.414074+00	2026-04-08 03:02:43.300016+00	\N	\N	\N	\N	\N
\.


--
-- Data for Name: internship_evaluations; Type: TABLE DATA; Schema: public; Owner: -
--

COPY public.internship_evaluations (id, internship_id, company_id, evaluator_id, tech_fit_score, cultural_fit_score, behavioral_fit_score, comment, status, requested_at, submitted_at, approved_at, approved_by, rejection_reason, created_at, updated_at, internship_start_date, internship_end_date, hire_decision, not_hire_reason) FROM stdin;
160b05d1-d798-4dd7-b0e1-2e105ac61835	5d79ba64-594f-47dd-981e-c5bc85280ab9	bc26132e-0523-4379-a82b-0303c88c62d5	dc8a6720-5283-4e02-a2fc-4ebbff3b2ae4	7	9	9	Good	approved	2026-04-07 16:47:58.423085+00	2026-04-07 16:49:54.175573+00	2026-04-07 16:50:34.439302+00	8eff39b7-8c85-4e72-bf16-c091023021a8	\N	2026-04-07 16:47:58.423128+00	2026-04-07 16:50:34.439343+00	\N	\N	\N	\N
8f2a8905-c40c-463b-8c6b-ebd61536af77	3c02021e-7794-4ce2-af5e-01c497fa39e0	bc26132e-0523-4379-a82b-0303c88c62d5	dc8a6720-5283-4e02-a2fc-4ebbff3b2ae4	10	10	10	Good in Webdevelopment	approved	2026-04-07 16:47:04.162257+00	2026-04-07 17:03:30.488228+00	2026-04-07 17:03:46.396777+00	8eff39b7-8c85-4e72-bf16-c091023021a8	\N	2026-04-07 16:47:04.162323+00	2026-04-07 17:03:46.39682+00	2026-03-26	2026-12-31	\N	\N
71545d34-62b6-4f95-9318-3c3226ce931b	3e536f0b-7a95-4ca9-a5f1-b8011e40c1f0	bc26132e-0523-4379-a82b-0303c88c62d5	dc8a6720-5283-4e02-a2fc-4ebbff3b2ae4	8	9	10	Arjun started without knowing Japanese and able to excel in learning.	approved	2026-04-08 02:59:32.23457+00	2026-04-08 03:02:15.092337+00	2026-04-08 03:02:42.91396+00	8eff39b7-8c85-4e72-bf16-c091023021a8	\N	2026-04-08 02:59:32.234586+00	2026-04-08 03:02:42.913977+00	2026-01-01	2026-03-31	\N	\N
\.


--
-- Data for Name: certificates; Type: TABLE DATA; Schema: public; Owner: -
--

COPY public.certificates (id, internship_id, student_id, company_id, verification_code, student_name, company_name, job_title, start_date, end_date, skills_demonstrated, performance_summary, mentor_name, issued_at, created_at, evaluation_id) FROM stdin;
5dea6b7a-0fff-4aef-bf5d-a260553bc249	10b3ce19-f50e-4849-9162-bece581a92cc	1b549477-1f82-44d7-82fa-b6e7f499ca8a	bc26132e-0523-4379-a82b-0303c88c62d5	CERT-2026-NEX-U0R0BE	Arjun Kumar	NexaTech	AI Software Engineer Intern	2024-07-15	2024-10-15	{Python,"Machine Learning",FastAPI,React,SQL,"Data Analysis","Model Deployment"}	Arjun demonstrated exceptional initiative and technical depth throughout his 3-month internship. He independently designed and shipped the skills-gap analysis API, and contributed a recommendation model that improved match accuracy by 12%. His communication, ownership mindset, and ability to deliver production-ready code set a high bar for the team.	Yuki Tanaka	2024-10-16 10:00:00+00	2026-03-19 17:50:11.451208+00	\N
5388b657-e917-4c8c-82ba-7c7746bd1ff1	5d79ba64-594f-47dd-981e-c5bc85280ab9	1b549477-1f82-44d7-82fa-b6e7f499ca8a	bc26132e-0523-4379-a82b-0303c88c62d5	CERT-2026-NEX-13EE3D	Arjun Kumar	NexaTech	Design Engineer Manufacturing	2026-03-21	2026-12-31	\N	Good	\N	2026-04-07 16:57:52.695975+00	2026-04-07 16:57:52.695975+00	160b05d1-d798-4dd7-b0e1-2e105ac61835
0f2ba7f4-520f-4543-9801-f61881bf2c7c	3c02021e-7794-4ce2-af5e-01c497fa39e0	1b549477-1f82-44d7-82fa-b6e7f499ca8a	bc26132e-0523-4379-a82b-0303c88c62d5	CERT-2026-NEX-TRBUUL	Arjun Kumar	NexaTech	Test Enginner - AI/LLM/ML	2026-03-26	2026-12-31	{}	Good in Webdevelopment	\N	2026-04-07 17:03:46.578302+00	2026-04-07 17:03:46.619517+00	8f2a8905-c40c-463b-8c6b-ebd61536af77
4053cfa9-1bc7-44df-94a0-e2a24d01fba0	3e536f0b-7a95-4ca9-a5f1-b8011e40c1f0	1b549477-1f82-44d7-82fa-b6e7f499ca8a	bc26132e-0523-4379-a82b-0303c88c62d5	CERT-2026-NEX-VHA3UD	Arjun Kumar	NexaTech	AI Engineer	2026-01-01	2026-03-31	{}	Arjun started without knowing Japanese and able to excel in learning.	\N	2026-04-08 03:02:43.99907+00	2026-04-08 03:02:44.098331+00	71545d34-62b6-4f95-9318-3c3226ce931b
\.


--
-- Data for Name: company_landing_pages; Type: TABLE DATA; Schema: public; Owner: -
--

COPY public.company_landing_pages (id, company_id, headline, subheadline, hero_image_url, sections, cta_text, published, created_at, updated_at) FROM stdin;
347909a2-acf3-44c0-8606-5fc52e603718	bc26132e-0523-4379-a82b-0303c88c62d5	Build the Future of Work with NexaTech	Join a team that's redefining how companies discover top talent across Asia.	\N	[{"id": "hero", "type": "hero", "title": "Our Mission", "content": "We believe every talented student deserves a fair shot. NexaTech's AI platform removes bias and surfaces talent based on skills.", "visible": true}, {"id": "about", "type": "about", "title": "Who We Are", "content": "Founded in 2018, NexaTech has grown to 700+ employees across Tokyo, Seoul, and Singapore. We partner with 150+ universities.", "visible": true}, {"id": "culture", "type": "culture", "title": "Life at NexaTech", "content": "Engineers ship to production on day one. PMs own their product area end-to-end. Annual learning budget and bi-annual retreats.", "visible": true}]	See Open Roles	t	2026-03-12 04:06:29.04632+00	2026-03-12 04:06:29.04632+00
\.


--
-- Data for Name: content_flags; Type: TABLE DATA; Schema: public; Owner: -
--

COPY public.content_flags (id, reporter_id, target_id, target_type, reason, details, status, resolved_by, resolved_at, created_at, updated_at) FROM stdin;
bfba872d-6dda-49f1-ac6e-0e9d26763abb	\N	eca5393d-fc8d-4cde-ac3f-c3847a196eda	job	misleading_salary	Salary range appears inconsistent with similar roles in the market.	open	\N	\N	2026-03-12 17:50:15.577487+00	2026-03-12 17:50:15.577487+00
13c12ed1-9d8e-4eae-bb1e-168e8aaa8251	\N	ff7e3fd1-3071-40c8-9fdc-a467302becfa	profile	fake_credentials	GPA listed (4.5/4.0) exceeds maximum possible value.	open	\N	\N	2026-03-12 17:50:15.610814+00	2026-03-12 17:50:15.610814+00
2f717daa-7809-4b3f-ad5b-241c61cabe90	\N	aef6b1d1-e9bb-42d4-83e2-201cf3d03d30	job	inappropriate_content	Job description contains discriminatory language regarding age requirements.	resolved	8eff39b7-8c85-4e72-bf16-c091023021a8	2026-03-10 09:00:00+00	2026-03-12 17:50:15.649398+00	2026-03-12 17:50:15.649398+00
62b83240-ec03-42d3-926f-297ea3c3ac5c	\N	ecb811ae-1196-476f-ab1e-3bcc23c19331	job	misleading_salary	Salary range appears inconsistent with similar roles in the market.	open	\N	\N	2026-03-16 08:44:33.428497+00	2026-03-16 08:44:33.428497+00
34585944-1122-4bb9-98eb-319f86682e62	\N	ff7e3fd1-3071-40c8-9fdc-a467302becfa	profile	fake_credentials	GPA listed (4.5/4.0) exceeds maximum possible value.	open	\N	\N	2026-03-16 08:44:33.475177+00	2026-03-16 08:44:33.475177+00
9c9ff51b-4211-4d3c-b554-0a09501852fb	\N	c288f92c-0268-4854-a007-2ee19ef810ac	job	inappropriate_content	Job description contains discriminatory language regarding age requirements.	resolved	8eff39b7-8c85-4e72-bf16-c091023021a8	2026-03-10 09:00:00+00	2026-03-16 08:44:33.518376+00	2026-03-16 08:44:33.518376+00
15e92697-438a-4388-ab85-1f16cd8107c1	\N	ba2eab3d-81c7-4570-bc4f-ffcc76bc61f0	job	misleading_salary	Salary range appears inconsistent with similar roles in the market.	open	\N	\N	2026-03-17 06:56:46.221696+00	2026-03-17 06:56:46.221696+00
71d7b23b-3ae4-4420-b6c7-63213a2b29e7	\N	ff7e3fd1-3071-40c8-9fdc-a467302becfa	profile	fake_credentials	GPA listed (4.5/4.0) exceeds maximum possible value.	open	\N	\N	2026-03-17 06:56:46.259891+00	2026-03-17 06:56:46.259891+00
4d156123-d4d6-4be1-84fe-9e82942cc309	\N	d13505a6-3b06-40db-bf26-6729cacc050c	job	inappropriate_content	Job description contains discriminatory language regarding age requirements.	resolved	8eff39b7-8c85-4e72-bf16-c091023021a8	2026-03-10 09:00:00+00	2026-03-17 06:56:46.30459+00	2026-03-17 06:56:46.30459+00
\.


--
-- Data for Name: evaluation_sessions; Type: TABLE DATA; Schema: public; Owner: -
--

COPY public.evaluation_sessions (id, job_id, student_id, recruiter_id, interview_type, scheduled_at, status, overall_notes, recommendation, total_score, max_score, created_at, updated_at) FROM stdin;
0e367c77-0d6d-4461-bbda-e7e52271e463	d13505a6-3b06-40db-bf26-6729cacc050c	2fcf2cfa-e4e2-41d9-a813-4c9150b73e6e	dc8a6720-5283-4e02-a2fc-4ebbff3b2ae4	technical	\N	scheduled	\N	\N	\N	\N	2026-03-17 09:19:48.128656+00	2026-03-17 09:19:48.128656+00
\.


--
-- Data for Name: evaluation_questions; Type: TABLE DATA; Schema: public; Owner: -
--

COPY public.evaluation_questions (id, session_id, question_text, skill, difficulty, time_estimate, context, sort_order, created_at) FROM stdin;
\.


--
-- Data for Name: evaluation_scores; Type: TABLE DATA; Schema: public; Owner: -
--

COPY public.evaluation_scores (id, session_id, question_id, score, max_score, notes, dimension, created_at) FROM stdin;
\.


--
-- Data for Name: internship_milestones; Type: TABLE DATA; Schema: public; Owner: -
--

COPY public.internship_milestones (id, internship_id, title, status, due_date, completed_at, student_actionable, sort_order, created_at) FROM stdin;
7bfaa517-02df-4a82-a8de-8cac33f83e8d	10b3ce19-f50e-4849-9162-bece581a92cc	Onboarding & codebase walkthrough	completed	2024-07-22	2024-07-20 10:00:00+00	f	0	2026-03-19 17:50:11.001456+00
5624fad6-4769-4b16-b2fe-5df772fda605	10b3ce19-f50e-4849-9162-bece581a92cc	Set up local ML pipeline environment	completed	2024-07-29	2024-07-27 14:00:00+00	t	1	2026-03-19 17:50:11.04537+00
c84d5064-7ecd-4fdb-825f-848523554389	10b3ce19-f50e-4849-9162-bece581a92cc	Complete first feature: skills-gap analysis API	completed	2024-08-15	2024-08-12 16:00:00+00	t	2	2026-03-19 17:50:11.084707+00
8c886db4-84f8-4e56-a52e-aa4cfbab39c3	10b3ce19-f50e-4849-9162-bece581a92cc	Mid-internship review & feedback session	completed	2024-08-20	2024-08-19 11:00:00+00	f	3	2026-03-19 17:50:11.12879+00
a02e3654-1ed3-4223-9f49-f0b014614ab6	10b3ce19-f50e-4849-9162-bece581a92cc	Deliver recommendation model (v1) to production	completed	2024-09-15	2024-09-10 17:00:00+00	t	4	2026-03-19 17:50:11.167471+00
abff667f-1caf-4334-8967-391056609cd3	10b3ce19-f50e-4849-9162-bece581a92cc	Write technical handover documentation	completed	2024-10-10	2024-10-08 13:00:00+00	t	5	2026-03-19 17:50:11.339949+00
ec361c42-b4ad-4a87-b4be-537e5f609866	10b3ce19-f50e-4849-9162-bece581a92cc	Final presentation to the AI Platform Team	completed	2024-10-14	2024-10-14 15:00:00+00	t	6	2026-03-19 17:50:11.377463+00
\.


--
-- Data for Name: interview_rounds; Type: TABLE DATA; Schema: public; Owner: -
--

COPY public.interview_rounds (id, job_id, round_number, company_slot_note, proposed_slots, scheduled_by, results_requested_at, results_submitted_at, status, created_at, updated_at) FROM stdin;
91d73b6b-0b88-4a6b-bd00-dab84be11c9a	96792351-3c5f-45b6-b995-59275823ba61	1	Pls sedule the meeting	[{"date": "2026-03-26", "time": "13:00", "format": "online", "duration": "60"}, {"date": "2026-03-27", "time": "15:00", "format": "online", "duration": "60"}]	\N	2026-03-21 18:05:03.710137+00	2026-03-21 18:10:42.478084+00	results_submitted	2026-03-21 17:54:54.672413+00	2026-03-21 18:10:42.488459+00
7bd8a2ef-0dd3-4200-b061-f076e0d244dc	13e43b2a-6fc5-4a2c-bf08-22278dd7c3e9	1		[{"date": "2026-03-22", "time": "09:10", "format": "online", "duration": "30"}]	8eff39b7-8c85-4e72-bf16-c091023021a8	2026-03-22 00:17:08.913246+00	\N	results_requested	2026-03-22 00:10:35.366692+00	2026-03-22 00:17:09.286682+00
06024c73-03b3-4294-aec6-bd094b9999f4	bbf486c7-d358-4523-b445-0d4329790920	1		[{"date": "2026-03-23", "time": "10:07", "format": "online", "duration": "60"}]	8eff39b7-8c85-4e72-bf16-c091023021a8	2026-03-22 19:28:43.108758+00	2026-03-22 19:30:02.503147+00	results_submitted	2026-03-22 14:07:44.651926+00	2026-03-22 19:30:02.50523+00
c8186845-0042-41a1-84b0-81163168b920	5de2c036-1fcc-42a1-8b1d-45e594553d66	1		[{"date": "2026-03-25", "time": "13:46", "format": "online", "duration": "60"}]	8eff39b7-8c85-4e72-bf16-c091023021a8	\N	\N	slots_sent_to_students	2026-03-22 19:46:52.063594+00	2026-03-26 06:12:05.399046+00
19aa647f-8a73-4e0a-8e1a-00d13105363b	ab061ad1-2c12-4584-be83-bf54d4f9a619	1		[{"date": "2026-03-29", "time": "18:00", "format": "online", "duration": "60"}]	\N	2026-03-26 09:15:47.680217+00	2026-03-26 09:19:20.749804+00	results_submitted	2026-03-26 08:56:38.481261+00	2026-03-26 09:19:20.838398+00
\.


--
-- Data for Name: interview_schedules; Type: TABLE DATA; Schema: public; Owner: -
--

COPY public.interview_schedules (id, round_id, application_id, student_id, scheduled_slot, scheduled_by, result, result_note, offer_decision, result_submitted_at, created_at, updated_at, student_selected_slot, slot_selected_at) FROM stdin;
996b5675-d21f-4c2c-82f0-32ef8fc887e9	91d73b6b-0b88-4a6b-bd00-dab84be11c9a	ccb6407a-f651-4839-b69e-1956c90d661e	1b549477-1f82-44d7-82fa-b6e7f499ca8a	{"note": "Scheduled outside platform"}	\N	pass		offer	2026-03-21 18:10:42.320463+00	2026-03-21 18:09:39.149238+00	2026-03-21 18:10:42.329601+00	\N	\N
e8d26281-c939-4579-9529-ad84c7144654	7bd8a2ef-0dd3-4200-b061-f076e0d244dc	4ab7bc7e-da83-4a44-b81f-1426cf85f922	1b549477-1f82-44d7-82fa-b6e7f499ca8a	{"note": "Scheduled outside platform"}	8eff39b7-8c85-4e72-bf16-c091023021a8	pending	\N	\N	\N	2026-03-22 00:12:36.247753+00	2026-03-22 00:12:36.247753+00	\N	\N
4759e8a9-0583-4746-92ae-0ca92dd802ed	06024c73-03b3-4294-aec6-bd094b9999f4	7d9da60a-a157-4c5a-b65c-d27224d036bc	1b549477-1f82-44d7-82fa-b6e7f499ca8a	{"note": "Scheduled outside platform"}	8eff39b7-8c85-4e72-bf16-c091023021a8	pass	Selected	offer	2026-03-22 19:30:02.363978+00	2026-03-22 14:08:10.935971+00	2026-03-22 19:30:02.3651+00	\N	\N
1ad7c4ca-1b2f-48eb-b228-4eea2d4eac72	19aa647f-8a73-4e0a-8e1a-00d13105363b	3d19ee5d-719f-4b6c-a568-64f5d3c86a05	1b549477-1f82-44d7-82fa-b6e7f499ca8a	\N	\N	pass		offer	2026-03-26 09:19:20.582518+00	2026-03-26 09:13:02.758201+00	2026-03-26 09:19:20.685448+00	{"date": "2026-03-29", "time": "18:00", "format": "online", "duration": "60"}	2026-03-26 09:15:15.46809+00
1ef0c96d-da76-4ed0-af46-139e279bc573	c8186845-0042-41a1-84b0-81163168b920	bcf0c0ec-5727-410d-a82f-e20184ed5dfa	1b549477-1f82-44d7-82fa-b6e7f499ca8a	{"note": "Scheduled outside platform"}	8eff39b7-8c85-4e72-bf16-c091023021a8	pending	\N	\N	\N	2026-03-22 19:47:13.053605+00	2026-04-07 17:18:44.428613+00	{"date": "2026-03-25", "time": "13:46", "format": "online", "duration": "60"}	2026-04-07 17:18:44.389638+00
\.


--
-- Data for Name: job_university_assignments; Type: TABLE DATA; Schema: public; Owner: -
--

COPY public.job_university_assignments (id, job_id, university_id, assigned_by, assigned_at, notified_at, acknowledged_at, student_ids, department_ids, apply_on_behalf) FROM stdin;
630bf62b-9da0-4c49-93f5-820064dc62d5	96792351-3c5f-45b6-b995-59275823ba61	cccccccc-0001-0000-0000-000000000001	8eff39b7-8c85-4e72-bf16-c091023021a8	2026-03-21 17:08:47.478533+00	\N	\N	{}	{}	f
1293c9ee-433d-4244-b5b6-ed3da88a4b65	96792351-3c5f-45b6-b995-59275823ba61	29b5df9e-8b48-4036-a617-4e98b5ec9ba1	8eff39b7-8c85-4e72-bf16-c091023021a8	2026-03-21 17:08:47.478533+00	2026-03-21 17:19:00.953086+00	\N	{1b549477-1f82-44d7-82fa-b6e7f499ca8a}	{}	f
26589b0d-e821-47d0-bd2b-22387c24de98	13e43b2a-6fc5-4a2c-bf08-22278dd7c3e9	29b5df9e-8b48-4036-a617-4e98b5ec9ba1	8eff39b7-8c85-4e72-bf16-c091023021a8	2026-03-21 23:59:22.606261+00	2026-03-22 00:00:44.965612+00	\N	{db714999-d96d-4a03-92c2-6b514934a9a6}	{}	t
60de20a7-4080-48f4-b47c-cbbe40e29e6a	bbf486c7-d358-4523-b445-0d4329790920	29b5df9e-8b48-4036-a617-4e98b5ec9ba1	8eff39b7-8c85-4e72-bf16-c091023021a8	2026-03-22 06:07:40.462885+00	\N	\N	{}	{}	t
b7b9f88e-1a00-4452-ab3a-a8d98b6576dd	b818a578-d002-4aa6-a62c-7604a6cd2d42	29b5df9e-8b48-4036-a617-4e98b5ec9ba1	8eff39b7-8c85-4e72-bf16-c091023021a8	2026-03-22 12:46:44.503746+00	\N	\N	{}	{}	f
6c30495a-f89c-44be-bc37-46ec9f047da7	ccdcf368-5b27-44f0-a464-3567a4db8086	29b5df9e-8b48-4036-a617-4e98b5ec9ba1	8eff39b7-8c85-4e72-bf16-c091023021a8	2026-03-22 14:04:11.914957+00	\N	\N	{}	{}	f
7027b454-8173-4387-b878-2857c592154d	5de2c036-1fcc-42a1-8b1d-45e594553d66	29b5df9e-8b48-4036-a617-4e98b5ec9ba1	8eff39b7-8c85-4e72-bf16-c091023021a8	2026-03-22 19:34:08.549198+00	\N	\N	{}	{}	t
c0a030c1-7df3-40b0-b271-b1c2c87d9b8a	ab061ad1-2c12-4584-be83-bf54d4f9a619	29b5df9e-8b48-4036-a617-4e98b5ec9ba1	8eff39b7-8c85-4e72-bf16-c091023021a8	2026-03-26 08:38:32.052955+00	\N	\N	{}	{}	t
b94d6512-0f7b-421c-ad33-ed40446312b0	a3c95577-810c-47b3-b851-81d4ae18d9d8	6754317c-dec6-40e3-9522-2a43d001a8b7	8eff39b7-8c85-4e72-bf16-c091023021a8	2026-04-12 17:23:10.190004+00	\N	\N	{}	{}	f
\.


--
-- Data for Name: messages; Type: TABLE DATA; Schema: public; Owner: -
--

COPY public.messages (id, sender_id, receiver_id, body, read_at, created_at) FROM stdin;
abe5d53e-bf0b-4dac-9fc8-72ece0f4f380	dc8a6720-5283-4e02-a2fc-4ebbff3b2ae4	8eff39b7-8c85-4e72-bf16-c091023021a8	Hello	\N	2026-03-19 18:41:56.075804+00
\.


--
-- Data for Name: notifications; Type: TABLE DATA; Schema: public; Owner: -
--

COPY public.notifications (id, user_id, type, title, body, entity_type, entity_id, read_at, created_at) FROM stdin;
24739c5a-1457-4258-ac88-1ef99324350a	8eff39b7-8c85-4e72-bf16-c091023021a8	jd_submitted_for_approval	New JD submitted for approval	'Design Engineer Manufacturing' has been submitted for review.	job	96792351-3c5f-45b6-b995-59275823ba61	\N	2026-03-21 16:57:29.492236+00
ac060dde-957e-47fb-984a-956330645849	dc8a6720-5283-4e02-a2fc-4ebbff3b2ae4	jd_rejected	JD Rejected	'Design Engineer Manufacturing' was rejected: Not accepeted the JD due to So on so reason	job	96792351-3c5f-45b6-b995-59275823ba61	\N	2026-03-21 17:06:53.843177+00
5fcadd85-41c1-48f5-9188-ce993c8b9e35	8eff39b7-8c85-4e72-bf16-c091023021a8	jd_submitted_for_approval	New JD submitted for approval	'Design Engineer Manufacturing' has been submitted for review.	job	96792351-3c5f-45b6-b995-59275823ba61	\N	2026-03-21 17:07:49.066562+00
204263b7-3aa4-4bd9-87fa-e7321fa44519	6f22fd69-e290-49ca-b84e-669f4eb7242c	jd_assigned	New Job Description assigned	'Design Engineer Manufacturing' has been assigned to your university for review.	job	96792351-3c5f-45b6-b995-59275823ba61	\N	2026-03-21 17:08:47.735571+00
143384f4-f9d7-43c8-b7dc-41b37d2179f9	1b549477-1f82-44d7-82fa-b6e7f499ca8a	jd_available	New Opportunity: Design Engineer Manufacturing	Apply for this job	job	96792351-3c5f-45b6-b995-59275823ba61	\N	2026-03-21 17:19:01.088555+00
1c355d8e-ceff-43cf-919d-63663213178b	8eff39b7-8c85-4e72-bf16-c091023021a8	student_applied	New application received	A student has applied to 'Design Engineer Manufacturing'.	job	96792351-3c5f-45b6-b995-59275823ba61	\N	2026-03-21 17:23:36.234042+00
4bbd187e-a54b-4522-bf28-c6e19a530e66	dc8a6720-5283-4e02-a2fc-4ebbff3b2ae4	curated_list_forwarded	Curated candidates available	1 candidates have been forwarded for your review.	job	96792351-3c5f-45b6-b995-59275823ba61	\N	2026-03-21 17:32:54.632202+00
b8553e93-1c9d-4bb2-8225-651ab05eda35	dc8a6720-5283-4e02-a2fc-4ebbff3b2ae4	curated_list_forwarded	Curated candidates available	1 candidates have been forwarded for your review.	job	96792351-3c5f-45b6-b995-59275823ba61	\N	2026-03-21 17:35:21.796328+00
730e0e8e-9e80-47aa-9b6a-cbb51a7604d8	dc8a6720-5283-4e02-a2fc-4ebbff3b2ae4	curated_list_forwarded	Curated candidates available	1 candidates have been forwarded for your review.	job	96792351-3c5f-45b6-b995-59275823ba61	\N	2026-03-21 17:37:06.031082+00
59b192d9-a004-4a6e-acc1-c863bd5e9618	dc8a6720-5283-4e02-a2fc-4ebbff3b2ae4	curated_list_forwarded	Curated candidates available	1 candidates have been forwarded for your review.	job	96792351-3c5f-45b6-b995-59275823ba61	\N	2026-03-21 17:40:11.18558+00
c92626c7-3e96-4456-bcf7-1824c4a368a7	8eff39b7-8c85-4e72-bf16-c091023021a8	interview_slots_submitted	Interview slots submitted	Company has submitted interview slots for 'Design Engineer Manufacturing'.	job	96792351-3c5f-45b6-b995-59275823ba61	\N	2026-03-21 17:54:54.926676+00
526d07da-641d-4dd0-b0de-f5e5b06efe9c	dc8a6720-5283-4e02-a2fc-4ebbff3b2ae4	interview_stage_advanced	Interviews in progress	The job has been advanced to the interviewing stage. Interviews will be coordinated outside the platform.	job	96792351-3c5f-45b6-b995-59275823ba61	\N	2026-03-21 18:04:39.631652+00
21e58a2e-463d-4564-9132-3d8e53598be0	dc8a6720-5283-4e02-a2fc-4ebbff3b2ae4	results_requested	Interview results requested	Platform admin is requesting interview results. Please submit your feedback.	job	96792351-3c5f-45b6-b995-59275823ba61	\N	2026-03-21 18:05:03.900972+00
cf47a843-f8ee-49ef-9805-2af95a2fa6ae	8eff39b7-8c85-4e72-bf16-c091023021a8	interview_results_submitted	Interview results submitted	Company has submitted interview results for 'Design Engineer Manufacturing'.	job	96792351-3c5f-45b6-b995-59275823ba61	\N	2026-03-21 18:10:42.598082+00
6098e04f-0f1b-4248-9407-d9a7d8d8620d	1b549477-1f82-44d7-82fa-b6e7f499ca8a	offer_received	You received an internship offer!	An internship offer is waiting for your response. Check your portal.	job	96792351-3c5f-45b6-b995-59275823ba61	\N	2026-03-21 18:11:06.807122+00
f0d738cf-768b-4300-8c6a-57191e77b215	6f22fd69-e290-49ca-b84e-669f4eb7242c	offer_sent_to_students	Offers sent to students	1 offers have been sent to students.	job	96792351-3c5f-45b6-b995-59275823ba61	\N	2026-03-21 18:11:06.925773+00
a4356619-4c63-441d-81f5-776afb5f991b	8eff39b7-8c85-4e72-bf16-c091023021a8	offer_accepted	Offer accepted	Student has accepted the internship offer.	job	96792351-3c5f-45b6-b995-59275823ba61	\N	2026-03-21 18:11:59.595436+00
963c254d-a94b-4877-b1e9-b83881a52c64	8eff39b7-8c85-4e72-bf16-c091023021a8	jd_submitted_for_approval	New JD submitted for approval	'AI Engineering OS developer' has been submitted for review.	job	13e43b2a-6fc5-4a2c-bf08-22278dd7c3e9	\N	2026-03-21 21:49:59.76227+00
ed75a2d1-7ff1-4bef-a698-798fd50699e0	6f22fd69-e290-49ca-b84e-669f4eb7242c	jd_assigned	New Job Description assigned	'AI Engineering OS developer' has been assigned to your university for review.	job	13e43b2a-6fc5-4a2c-bf08-22278dd7c3e9	\N	2026-03-21 23:59:23.458769+00
542dc879-2b46-44cc-b55a-f0b351537b7b	db714999-d96d-4a03-92c2-6b514934a9a6	jd_available	New Opportunity: AI Engineering OS developer	A new opportunity 'AI Engineering OS developer' is available. Check your portal to apply.	job	13e43b2a-6fc5-4a2c-bf08-22278dd7c3e9	\N	2026-03-22 00:00:45.58132+00
0b66b51d-390b-45ce-9e0e-8fe75dc12127	1b549477-1f82-44d7-82fa-b6e7f499ca8a	application_submitted_on_behalf	Application submitted on your behalf	Your university has submitted an application on your behalf. Check your portal.	job	13e43b2a-6fc5-4a2c-bf08-22278dd7c3e9	\N	2026-03-22 00:00:59.475219+00
678f0d56-ca0f-4f34-a312-6671cfe559af	dc8a6720-5283-4e02-a2fc-4ebbff3b2ae4	curated_list_forwarded	Curated candidates available	1 candidates have been forwarded for your review.	job	13e43b2a-6fc5-4a2c-bf08-22278dd7c3e9	\N	2026-03-22 00:04:10.241518+00
de0ea74b-d602-4d04-a020-523db560d521	8eff39b7-8c85-4e72-bf16-c091023021a8	interview_slots_submitted	Interview slots submitted	Company has submitted interview slots for 'AI Engineering OS developer'.	job	13e43b2a-6fc5-4a2c-bf08-22278dd7c3e9	\N	2026-03-22 00:10:36.141245+00
c04e0957-e118-43fe-a63f-d038d493a149	1b549477-1f82-44d7-82fa-b6e7f499ca8a	interview_scheduled_student	Interview scheduled	You have been scheduled for an interview. Details will be shared separately.	job	13e43b2a-6fc5-4a2c-bf08-22278dd7c3e9	\N	2026-03-22 00:12:36.782751+00
71e5b514-6a55-4333-9160-42f0283221c2	dc8a6720-5283-4e02-a2fc-4ebbff3b2ae4	interview_stage_advanced	Interviews in progress	The job has been advanced to the interviewing stage with 1 candidates. Interviews will be coordinated outside the platform.	job	13e43b2a-6fc5-4a2c-bf08-22278dd7c3e9	\N	2026-03-22 00:12:37.555629+00
b0bff801-eaa0-4683-89d7-c7788e156e87	dc8a6720-5283-4e02-a2fc-4ebbff3b2ae4	results_requested	Interview results requested	Platform admin is requesting interview results. Please submit your feedback.	job	13e43b2a-6fc5-4a2c-bf08-22278dd7c3e9	\N	2026-03-22 00:17:02.221389+00
f51dca1d-3b71-4e94-9070-53d4165a5196	dc8a6720-5283-4e02-a2fc-4ebbff3b2ae4	results_requested	Interview results requested	Platform admin is requesting interview results. Please submit your feedback.	job	13e43b2a-6fc5-4a2c-bf08-22278dd7c3e9	\N	2026-03-22 00:17:10.395949+00
85c55626-f392-427e-a8d3-d492f9136ede	8eff39b7-8c85-4e72-bf16-c091023021a8	jd_submitted_for_approval	New JD submitted for approval	'AI Engineer' has been submitted for review.	job	bbf486c7-d358-4523-b445-0d4329790920	\N	2026-03-22 06:06:45.939428+00
e4028ff5-32a3-4c3b-9f52-8c89afc7b7db	6f22fd69-e290-49ca-b84e-669f4eb7242c	jd_assigned	New Job Description assigned	'AI Engineer' has been assigned to your university for review.	job	bbf486c7-d358-4523-b445-0d4329790920	\N	2026-03-22 06:07:40.577147+00
329b560c-afbd-4746-bcc1-9eb048e5f1e0	1b549477-1f82-44d7-82fa-b6e7f499ca8a	application_submitted_on_behalf	Application submitted on your behalf	Your university has submitted an application on your behalf. Check your portal.	job	bbf486c7-d358-4523-b445-0d4329790920	\N	2026-03-22 06:08:27.295012+00
fb9917c9-e017-4eff-bf69-38cd6274851f	8eff39b7-8c85-4e72-bf16-c091023021a8	jd_submitted_for_approval	New JD submitted for approval	'Python Engineer' has been submitted for review.	job	b818a578-d002-4aa6-a62c-7604a6cd2d42	\N	2026-03-22 12:45:48.858279+00
709dcc6a-fe30-4c07-93fc-ed6527e02c87	6f22fd69-e290-49ca-b84e-669f4eb7242c	jd_assigned	New Job Description assigned	'Python Engineer' has been assigned to your university for review.	job	b818a578-d002-4aa6-a62c-7604a6cd2d42	\N	2026-03-22 12:46:45.316691+00
7d7f5b75-19d2-4c2a-a621-d58541163661	8eff39b7-8c85-4e72-bf16-c091023021a8	jd_submitted_for_approval	New JD submitted for approval	'Java Developer' has been submitted for review.	job	ccdcf368-5b27-44f0-a464-3567a4db8086	\N	2026-03-22 14:03:45.214159+00
0cc3ce36-872e-4246-9882-e7de0f48772e	6f22fd69-e290-49ca-b84e-669f4eb7242c	jd_assigned	New Job Description assigned	'Java Developer' has been assigned to your university for review.	job	ccdcf368-5b27-44f0-a464-3567a4db8086	\N	2026-03-22 14:04:12.709417+00
beeca9d6-aafa-4ed0-ae01-ad97c3de0799	dc8a6720-5283-4e02-a2fc-4ebbff3b2ae4	curated_list_forwarded	Curated candidates available	1 candidates have been forwarded for your review.	job	bbf486c7-d358-4523-b445-0d4329790920	\N	2026-03-22 14:06:42.627907+00
4b7b8f63-526a-4f37-8c10-64510f40831f	8eff39b7-8c85-4e72-bf16-c091023021a8	interview_slots_submitted	Interview slots submitted	Company has submitted interview slots for 'AI Engineer'.	job	bbf486c7-d358-4523-b445-0d4329790920	\N	2026-03-22 14:07:45.416696+00
280ab209-1e20-400a-9db9-ae5f8a2e6022	1b549477-1f82-44d7-82fa-b6e7f499ca8a	interview_scheduled_student	Interview scheduled	You have been scheduled for an interview. Details will be shared separately.	job	bbf486c7-d358-4523-b445-0d4329790920	\N	2026-03-22 14:08:11.454843+00
65196373-2408-4ca8-9334-94f6a8cc4ccc	dc8a6720-5283-4e02-a2fc-4ebbff3b2ae4	interview_stage_advanced	Interviews in progress	The job has been advanced to the interviewing stage with 1 candidates. Interviews will be coordinated outside the platform.	job	bbf486c7-d358-4523-b445-0d4329790920	\N	2026-03-22 14:08:12.221018+00
705b06e3-5365-4fcf-a8a8-46c85e554ead	dc8a6720-5283-4e02-a2fc-4ebbff3b2ae4	results_requested	Interview results requested	Platform admin is requesting interview results. Please submit your feedback.	job	bbf486c7-d358-4523-b445-0d4329790920	\N	2026-03-22 19:28:43.28448+00
0e16097f-0d89-4340-9cff-063d24203da7	8eff39b7-8c85-4e72-bf16-c091023021a8	interview_results_submitted	Interview results submitted	Company has submitted interview results for 'AI Engineer'.	job	bbf486c7-d358-4523-b445-0d4329790920	\N	2026-03-22 19:30:02.637708+00
36601e89-6fef-4c2c-918b-2fd02f98017f	1b549477-1f82-44d7-82fa-b6e7f499ca8a	offer_received	You received an internship offer!	An internship offer is waiting for your response. Check your portal.	job	bbf486c7-d358-4523-b445-0d4329790920	\N	2026-03-22 19:30:55.586391+00
0fbb39fa-bf46-4f21-8436-c09c5cf892e3	6f22fd69-e290-49ca-b84e-669f4eb7242c	offer_sent_to_students	Offers sent to students	1 offers have been sent to students.	job	bbf486c7-d358-4523-b445-0d4329790920	\N	2026-03-22 19:30:55.687522+00
d83b0eb4-b6df-474e-a08e-5b853d57fb88	8eff39b7-8c85-4e72-bf16-c091023021a8	jd_submitted_for_approval	New JD submitted for approval	'AI Engineer AI/ML' has been submitted for review.	job	5de2c036-1fcc-42a1-8b1d-45e594553d66	\N	2026-03-22 19:33:37.101609+00
8f90548d-fd61-4234-b194-ec04d2795793	6f22fd69-e290-49ca-b84e-669f4eb7242c	jd_assigned	New Job Description assigned	'AI Engineer AI/ML' has been assigned to your university for review.	job	5de2c036-1fcc-42a1-8b1d-45e594553d66	\N	2026-03-22 19:34:08.670305+00
c80ae984-2dbd-44a5-95d4-c1bf47e16caa	1b549477-1f82-44d7-82fa-b6e7f499ca8a	application_submitted_on_behalf	Application submitted on your behalf	Your university has submitted an application on your behalf. Check your portal.	job	5de2c036-1fcc-42a1-8b1d-45e594553d66	\N	2026-03-22 19:36:03.265848+00
a6a15b4e-89c8-4111-8f35-7af0be266a1c	dc8a6720-5283-4e02-a2fc-4ebbff3b2ae4	curated_list_forwarded	Curated candidates available	1 candidates have been forwarded for your review.	job	5de2c036-1fcc-42a1-8b1d-45e594553d66	\N	2026-03-22 19:36:21.143804+00
370359fc-65f6-47c6-839f-6b9266af9bcf	dc8a6720-5283-4e02-a2fc-4ebbff3b2ae4	curated_list_forwarded	Curated candidates available	1 candidates have been forwarded for your review.	job	5de2c036-1fcc-42a1-8b1d-45e594553d66	\N	2026-03-22 19:37:53.305139+00
1c0d8e88-431f-4bd9-98fa-55e64ec19025	dc8a6720-5283-4e02-a2fc-4ebbff3b2ae4	curated_list_forwarded	Curated candidates available	1 candidates have been forwarded for your review.	job	5de2c036-1fcc-42a1-8b1d-45e594553d66	\N	2026-03-22 19:38:00.470928+00
94f16b5c-6feb-4bc5-a52b-c62eab0988e3	dc8a6720-5283-4e02-a2fc-4ebbff3b2ae4	curated_list_forwarded	Curated candidates available	1 candidates have been forwarded for your review.	job	5de2c036-1fcc-42a1-8b1d-45e594553d66	\N	2026-03-22 19:46:07.204825+00
6bb3940a-7529-433d-8926-bab58fe7c4f0	8eff39b7-8c85-4e72-bf16-c091023021a8	interview_slots_submitted	Interview slots submitted	Company has submitted interview slots for 'AI Engineer AI/ML'.	job	5de2c036-1fcc-42a1-8b1d-45e594553d66	\N	2026-03-22 19:46:52.175182+00
5d6dd9f6-730d-4a9e-b1fc-5a6129617b52	1b549477-1f82-44d7-82fa-b6e7f499ca8a	interview_scheduled_student	Interview scheduled	You have been scheduled for an interview. Details will be shared separately.	job	5de2c036-1fcc-42a1-8b1d-45e594553d66	\N	2026-03-22 19:47:13.12757+00
420f8be1-790d-45fe-91ec-0d25b90fc1a6	dc8a6720-5283-4e02-a2fc-4ebbff3b2ae4	interview_stage_advanced	Interviews in progress	The job has been advanced to the interviewing stage with 1 candidates. Interviews will be coordinated outside the platform.	job	5de2c036-1fcc-42a1-8b1d-45e594553d66	\N	2026-03-22 19:47:13.234517+00
905f6813-5d2d-466e-b241-d7911518231f	8eff39b7-8c85-4e72-bf16-c091023021a8	jd_submitted_for_approval	New JD submitted for approval	'Test Enginner - AI/LLM/ML' has been submitted for review.	job	ab061ad1-2c12-4584-be83-bf54d4f9a619	\N	2026-03-26 08:38:09.439537+00
b6b55395-4148-45d3-a461-cc506e378afa	6f22fd69-e290-49ca-b84e-669f4eb7242c	jd_assigned	New Job Description assigned	'Test Enginner - AI/LLM/ML' has been assigned to your university for review.	job	ab061ad1-2c12-4584-be83-bf54d4f9a619	\N	2026-03-26 08:38:32.190494+00
7a270991-9840-4044-9e2d-9d0b957e6881	1b549477-1f82-44d7-82fa-b6e7f499ca8a	application_submitted_on_behalf	Application submitted on your behalf	Your university has submitted an application on your behalf. Check your portal.	job	ab061ad1-2c12-4584-be83-bf54d4f9a619	\N	2026-03-26 08:39:27.314775+00
1de3d9c5-13c6-436f-90c4-c7e5fae05f81	cbd83813-f92c-494f-9835-954892ceb98e	application_submitted_on_behalf	Application submitted on your behalf	Your university has submitted an application on your behalf. Check your portal.	job	ab061ad1-2c12-4584-be83-bf54d4f9a619	\N	2026-03-26 08:39:27.314775+00
ffdfc666-8229-4ff4-a89a-42f6222bd5d2	dc8a6720-5283-4e02-a2fc-4ebbff3b2ae4	candidates_forwarded	Candidates available for review	1 candidates have been forwarded for your review.	job	ab061ad1-2c12-4584-be83-bf54d4f9a619	\N	2026-03-26 08:46:12.089319+00
1ccb684c-b549-42cb-82af-555ec9264ba1	dc8a6720-5283-4e02-a2fc-4ebbff3b2ae4	candidates_forwarded	Candidates available for review	1 candidates have been forwarded for your review.	job	ab061ad1-2c12-4584-be83-bf54d4f9a619	\N	2026-03-26 08:55:07.893525+00
91f8af18-9037-48d7-a0a3-4f94fd0d0548	8eff39b7-8c85-4e72-bf16-c091023021a8	interview_slots_submitted	Interview slots submitted	Company has submitted interview slots for 'Test Enginner - AI/LLM/ML'.	job	ab061ad1-2c12-4584-be83-bf54d4f9a619	\N	2026-03-26 08:56:38.657838+00
be7296ee-d8ee-4d4e-8232-e85fba6eb7a6	1b549477-1f82-44d7-82fa-b6e7f499ca8a	interview_slots_available	Interview slots available	Interview time slots have been sent to you. Please accept your preferred slot.	job	ab061ad1-2c12-4584-be83-bf54d4f9a619	\N	2026-03-26 09:13:02.907429+00
c6bfae52-4f5a-450f-a2df-fcc29273028f	dc8a6720-5283-4e02-a2fc-4ebbff3b2ae4	slots_sent_to_students	Interview slots sent to students	Your proposed interview slots have been sent to students by the platform admin.	job	ab061ad1-2c12-4584-be83-bf54d4f9a619	\N	2026-03-26 09:13:03.124626+00
25366bc9-c43c-4846-8515-f9c4245be6c7	8eff39b7-8c85-4e72-bf16-c091023021a8	student_slot_selected	Student selected interview slot	A student has selected their preferred interview slot.	interview_schedule	1ad7c4ca-1b2f-48eb-b228-4eea2d4eac72	\N	2026-03-26 09:15:15.719214+00
5b4473f5-9940-401d-8e5b-64beaf85e2e3	dc8a6720-5283-4e02-a2fc-4ebbff3b2ae4	results_requested	Interview results requested	Platform admin is requesting interview results. Please submit your feedback.	job	ab061ad1-2c12-4584-be83-bf54d4f9a619	\N	2026-03-26 09:15:47.972478+00
20443c35-fabf-4fbb-8dc0-93048ba80af3	8eff39b7-8c85-4e72-bf16-c091023021a8	interview_results_submitted	Interview results submitted	Company has submitted interview results for 'Test Enginner - AI/LLM/ML'.	job	ab061ad1-2c12-4584-be83-bf54d4f9a619	\N	2026-03-26 09:19:20.979801+00
06eeaee6-83aa-4d66-b0f2-03f7fecd7948	1b549477-1f82-44d7-82fa-b6e7f499ca8a	offer_received	You received an internship offer!	An internship offer is waiting for your response. Check your portal.	job	ab061ad1-2c12-4584-be83-bf54d4f9a619	\N	2026-03-26 09:20:56.203098+00
ee7f812c-01cf-4165-ad54-34e98fe1e832	6f22fd69-e290-49ca-b84e-669f4eb7242c	offer_sent_to_students	Offers sent to students	1 offers have been sent to students.	job	ab061ad1-2c12-4584-be83-bf54d4f9a619	\N	2026-03-26 09:20:56.316254+00
e392a338-92cc-4b1d-ac9d-46e738e8346e	8eff39b7-8c85-4e72-bf16-c091023021a8	offer_accepted	Offer accepted	Student has accepted the internship offer.	job	ab061ad1-2c12-4584-be83-bf54d4f9a619	\N	2026-03-26 11:52:48.27599+00
86a19484-f712-44d0-a4d2-03bb30dff489	dc8a6720-5283-4e02-a2fc-4ebbff3b2ae4	offer_accepted	Offer accepted by student	A student has accepted the internship offer.	job	ab061ad1-2c12-4584-be83-bf54d4f9a619	\N	2026-03-26 11:52:48.405121+00
d438e071-d86a-4317-ab2c-8d10b69c4722	8eff39b7-8c85-4e72-bf16-c091023021a8	student_slot_selected	Student selected interview slot	A student has selected their preferred interview slot.	interview_schedule	1ef0c96d-da76-4ed0-af46-139e279bc573	\N	2026-04-07 17:18:44.511223+00
e6f90449-044f-4112-8655-af9a06f40058	8eff39b7-8c85-4e72-bf16-c091023021a8	offer_accepted	Offer accepted	Student has accepted the internship offer.	job	bbf486c7-d358-4523-b445-0d4329790920	\N	2026-04-07 17:18:53.522641+00
c8fd3cc7-0205-46be-92d2-0c40dc3f6442	dc8a6720-5283-4e02-a2fc-4ebbff3b2ae4	offer_accepted	Offer accepted by student	A student has accepted the internship offer.	job	bbf486c7-d358-4523-b445-0d4329790920	\N	2026-04-07 17:18:53.642643+00
4404aa76-5cdc-4090-a4f8-73c7d035e5d1	8eff39b7-8c85-4e72-bf16-c091023021a8	jd_submitted_for_approval	New JD submitted for approval	'AI Developer' has been submitted for review.	job	a3c95577-810c-47b3-b851-81d4ae18d9d8	\N	2026-04-12 17:16:57.650166+00
f2adfb2c-c7f2-499d-b6c7-3c986b4d1f28	e5a222db-028c-462b-a21a-3c7d37c828f2	jd_assigned	New Job Description assigned	'AI Developer' has been assigned to your university for review.	job	a3c95577-810c-47b3-b851-81d4ae18d9d8	\N	2026-04-12 17:23:10.311164+00
\.


--
-- Data for Name: offers; Type: TABLE DATA; Schema: public; Owner: -
--

COPY public.offers (id, job_id, application_id, student_id, company_id, issued_by, offer_details, status, sent_at, response_deadline, responded_at, rejection_reason, created_at, updated_at) FROM stdin;
cbd0fe03-baa3-44c4-8099-2d45fdde64bf	96792351-3c5f-45b6-b995-59275823ba61	ccb6407a-f651-4839-b69e-1956c90d661e	1b549477-1f82-44d7-82fa-b6e7f499ca8a	bc26132e-0523-4379-a82b-0303c88c62d5	8eff39b7-8c85-4e72-bf16-c091023021a8	{}	accepted	2026-03-21 18:11:06.727444+00	\N	2026-03-21 18:11:59.3783+00	\N	2026-03-21 18:10:42.381787+00	2026-03-21 18:11:59.373967+00
40f4912f-9fe0-4a9e-99c4-78adb6164ffd	ab061ad1-2c12-4584-be83-bf54d4f9a619	3d19ee5d-719f-4b6c-a568-64f5d3c86a05	1b549477-1f82-44d7-82fa-b6e7f499ca8a	bc26132e-0523-4379-a82b-0303c88c62d5	8eff39b7-8c85-4e72-bf16-c091023021a8	{"offer_type": "internship", "expected_start_date": "2026-04-01"}	accepted	2026-03-26 09:20:56.038619+00	\N	2026-03-26 11:52:47.937282+00	\N	2026-03-26 09:19:20.738213+00	2026-03-26 11:52:48.027758+00
267d0eda-37f1-4b56-9c0a-d27ec05d7f71	bbf486c7-d358-4523-b445-0d4329790920	7d9da60a-a157-4c5a-b65c-d27224d036bc	1b549477-1f82-44d7-82fa-b6e7f499ca8a	bc26132e-0523-4379-a82b-0303c88c62d5	8eff39b7-8c85-4e72-bf16-c091023021a8	{"offer_type": "internship", "expected_start_date": "2026-03-23"}	accepted	2026-03-22 19:30:55.526959+00	\N	2026-04-07 17:18:53.257765+00	\N	2026-03-22 19:30:02.410183+00	2026-04-07 17:18:53.294602+00
\.


--
-- Data for Name: university_departments; Type: TABLE DATA; Schema: public; Owner: -
--

COPY public.university_departments (id, university_id, name, code, head, students_count, placed_count, faculty_count, labs_count, avg_package, created_at, updated_at) FROM stdin;
519c62cf-5e16-42de-9ab4-26dbbecb9b9c	29b5df9e-8b48-4036-a617-4e98b5ec9ba1	Mechanical	MECH	Dr.x	120	5	15	5	5.5	2026-03-19 15:16:13.94307+00	2026-03-19 15:16:13.943099+00
\.


--
-- Data for Name: verification_requests; Type: TABLE DATA; Schema: public; Owner: -
--

COPY public.verification_requests (id, university_id, student_id, student_name, roll_no, department, type, urgency, status, submitted_date, documents, review_note, reviewed_by, reviewed_at, created_at, updated_at) FROM stdin;
\.


--
-- PostgreSQL database dump complete
--

\unrestrict svCisFwy0V0OTzbJLftd2SvppUM9NzgalAjUaY0LD6PtiZipKj6neEvoMrbcV9e

